source,reference,MarianMT_hyp,MarianMT_bleu,NLLB_hyp,NLLB_bleu,mBART-50_hyp,mBART-50_bleu,GoogleTranslate_hyp,GoogleTranslate_bleu,avg_bleu,src_len,len_bucket
They never believed he died the way the sheriff concluded.,उन्हें शेरिफ के बताये गये तरीके से मृत्यु पर बिलकुल भी भरोसा नहीं है।,उन्होंने कभी विश्वास नहीं किया कि वह जिस तरह से प्रधान की मृत्यु हुई.,22.551665711721384,उन्होंने कभी भी विश्वास नहीं किया कि वह मर गया है जैसा कि शेरिफ ने निष्कर्ष निकाला।,17.974105644071837,वे कभी भी ऐसा नहीं मानते थे कि वे शेरीफ के अनुसार मर गये थे।,18.835064733964632,"जिस तरह से शेरिफ ने निष्कर्ष निकाला, उन्होंने कभी विश्वास नहीं किया कि वह मर गया।",17.351701210178128,19.178134324983994,10,6-10
People crowded the jewellery shops in Simla.,शिमला में आभूषणों की दुकानों में लोंगों का हुजूम लगा रहा।,लोग सीला में रत्न की दुकानों में भीड़ - भाड़ में आते हैं ।,37.31567820275832,सिमला में आभूषण की दुकानों में भीड़ थी।,43.309485846106575,लोगों ने सिमला के रत्न दुकानों में भीड़ भरी।,28.796290277542397,शिमला में आभूषणों की दुकानों पर लोगों की भीड़ उमड़ पड़ी।,57.605487045983,41.756735343097574,7,6-10
Many on Wall Street view the addition of baggage fees as a sign that airlines are charging enough money to cover the cost of air travel after years of losses.,वॉल स्ट्रीट पर  बैगेज की फीस एक संकेत के रूप में कई देख रहे हैं कि कई एयरलाइन घाटे के वर्षों के बाद हवाई यात्रा की लागत को कवर करने के लिए पर्याप्त पैसे चार्ज कर रहे हैं.,"इसके अलावा, कई लोगों को लगता है कि माल खरीदने के लिए पैसा ही काफी होता है ।",7.309447398264436,वॉल स्ट्रीट में कई लोग सामान शुल्क को जोड़ने को इस बात का संकेत मानते हैं कि एयरलाइनें वर्षों के नुकसान के बाद हवाई यात्रा की लागत को कवर करने के लिए पर्याप्त धन वसूल रही हैं।,57.60462760621756,वॉल स्ट्रीट में बहुत से लोग बैगेज फीस की वृद्धि को इस संकेत के रूप में देखते हैं कि एयरलाइनों ने वर्षों के नुकसान के बाद हवाई यात्रा की लागत को पूरा करने के लिए पर्याप्त पैसे खर्च कर रहे हैं।,63.36690082433346,वॉल स्ट्रीट पर कई लोग सामान शुल्क में बढ़ोतरी को एक संकेत के रूप में देखते हैं कि एयरलाइंस वर्षों के घाटे के बाद हवाई यात्रा की लागत को कवर करने के लिए पर्याप्त पैसा ले रही हैं।,68.07005265245813,49.0877571203184,30,21-35
"Earlier research had revealed that happy dogs wag their tails more to the right (from the dog's point of view), while nervous dogs have a left-dominated swish.","पिछले शोधों से पता चला है कि खुश कुत्ते अपनी दुम को दाईं ओर ज्यादा हिलाते हैं (कुत्ते की दृष्टि से), जबकि बेचैन कुत्ते अपनी पूंछ को मुख्य रूप से बाईं ओर ज्यादा हिलाते हैं।","पहले शोध ने प्रकट किया था कि खुश कुत्ते अपनी पूंछ और अधिक अपनी पूंछ दाएँ (किंग के दृष्टिकोण से), जबकि कुत्तों के पास एक बाईं ओर के कुत्ते हैं.",40.64533248588678,"इससे पहले किए गए शोध से पता चला था कि खुश कुत्तों को अपनी पूंछ को अधिक दाईं ओर (कुत्तों के दृष्टिकोण से) हिलाया जाता है, जबकि घबराहट वाले कुत्तों में बाएं हाथ का दबदबा होता है।",41.74119595885548,"पूर्व अनुसंधानों से पता चला था कि प्रसन्न कुत्ते अपने पूंछों को अधिक दाहिनी ओर (कुत्ते की दृष्टि से) झुकाते हैं, जबकि चिंतित कुत्ते में बाएँ-अधिक प्रभावी झुकाव होता है।",43.572932326751825,"पहले के शोध से पता चला था कि खुश कुत्ते अपनी पूंछ को दाहिनी ओर अधिक हिलाते हैं (कुत्ते के दृष्टिकोण से), जबकि घबराए हुए कुत्ते बाईं ओर की ओर अधिक हिलाते हैं।",59.095956223804734,46.2638542488247,27,21-35
"Why is it that we shouldn't have a system where you can walk in, punch your details into a computer, vote immediately and have a result at 6.30 that night?","ऐसा क्यों नहीं हो सकता कि हमारे पास एक ऐसी प्रणाली हो जिसमें हम कम्प्यूटर पर अपना विवररण भरें, तुरन्त वोट दें और शाम को 6:30 पर हमारे पास परिणाम हो।","क्यों है कि हम एक ऐसी प्रणाली नहीं होना चाहिए जहाँ आप चल सकते हैं, एक कंप्यूटर में अपनी विवरण पंच, तुरंत कि रात 630 में एक परिणाम है?",37.139779313719664,"हमारे पास ऐसी प्रणाली क्यों नहीं होनी चाहिए जहाँ आप अंदर आकर अपने विवरण कंप्यूटर में डाल सकते हैं, तुरंत मतदान कर सकते हैं और उस रात 6.30 बजे परिणाम प्राप्त कर सकते हैं?",38.3729609535258,"यह क्यों नहीं है कि हमारे पास एक ऐसी प्रणाली नहीं होनी चाहिए जिसमें आप प्रवेश कर सकते हैं, अपने विवरण कंप्यूटर में लिख सकते हैं, तुरंत मतदान कर सकते हैं और उस रात 6.30 पर परिणाम प्राप्त कर सकते हैं?",39.52106144373298,"ऐसा क्यों है कि हमारे पास ऐसी प्रणाली नहीं होनी चाहिए जहां आप आ सकें, अपना विवरण कंप्यूटर में डाल सकें, तुरंत मतदान कर सकें और उस रात 6.30 बजे परिणाम प्राप्त कर सकें?",44.0767215516325,39.77763081565274,30,21-35
"The youngster, from the village of Nantyglo, near Ebbw Vale, South Wales, is following in the footsteps of his aunt Sharon Howells, who has been showing horses for more than 10 years.","एब वेल, साउथ वेल्स के समीप नैन्टीग्लो गांव का यह छोटा बच्चा अपनी आन्टी शैरॉन हॉवेल्स के पदचिह्नों पर चल रहा है जो 10 वर्ष से अधिक समय से घोड़ों का प्रदर्शन कर रही हैं।","दक्षिण वेल्स के पास, नीगवे नाम के गाँव से एक जवान अपनी मौसी शैरन की मिसाल पर चल रहा है, जो 10 से भी ज़्यादा सालों से घोड़े दिखा रहा है ।",25.432736759073705,"दक्षिण वेल्स के इब्बव वैल के पास नैंटिग्लो गांव के रहने वाले ये युवक अपनी चाची शेरोन हाउल्स के नक्शेकदम पर चल रहा है, जो 10 साल से अधिक समय से घोड़ों का प्रदर्शन कर रही हैं।",53.92557826805502,"दक्षिण वेल्स के Ebbw घाटी के निकट नान्टीगलो के गांव से यह नौजवान अपने मौसी शेरोन ह्वाउल्स के पदचिन्हों पर चल रहा है, जो 10 वर्ष से अधिक समय से घोड़े दिखा रहा है.",46.024994689971464,"साउथ वेल्स के एबब वेले के पास नैंटीग्लो गांव का यह युवा अपनी चाची शेरोन हॉवेल्स के नक्शेकदम पर चल रहा है, जो 10 साल से अधिक समय से घोड़े दिखा रही हैं।",54.013947008230545,44.84931418133269,32,21-35
"""We need to have a better system,"" he said.","उन्होंने कहा ""हमारे पास एक बेहतर प्रणाली होनी चाहिए।""","""हम एक बेहतर प्रणाली होने की जरूरत है,"" उन्होंने कहा.",62.78370004277966,"उन्होंने कहा, ""हमें एक बेहतर प्रणाली की आवश्यकता है।",56.306300461487375,"उन्होंने कहा, ""हमारे पास बेहतर प्रणाली होनी चाहिए।""",88.2456635513641,"उन्होंने कहा, ''हमें एक बेहतर प्रणाली की जरूरत है।''",54.1345623396456,65.36755659881918,9,6-10
If scrap is stored properly and with proper lighting it can also become a piece of art.,स्क्रैप को अगर ठीक ढंग से जमा दिया जाए और प्रॉपर लाइटिंग हो तो यह भी आर्ट पीस बन सकता है।,"अगर इसे ठीक से जमा किया जाता है और सही रोशनी से बनाया जाता है, तो इसे कला का एक टुकड़ा भी बन सकता है ।",27.408880102637784,यदि स्क्रैप को ठीक से रखा जाए और उचित प्रकाश व्यवस्था के साथ यह भी कला का एक टुकड़ा बन सकता है।,37.11077657424477,यदि कचरे को उचित रूप से भंडारित किया जाए और उचित रोशनी दी जाए तो यह कलाकृति भी हो सकती है।,22.13226028651877,यदि स्क्रैप को उचित तरीके से और उचित प्रकाश व्यवस्था के साथ संग्रहित किया जाए तो यह कला का एक नमूना भी बन सकता है।,31.139062273072135,29.447744809118362,17,11-20
"And even if they could see a physician, many Cameroonians couldn't afford it.","और अगर वहां पर चिकित्सक हों, तो भी कैमरून के बहुत से निवासी उसका ख़र्च वहन नहीं कर सकते।","और अगर वे एक चिकित्सक देख सकता था भी, कई कैमरूनियन इसे उपलब्ध नहीं कर सकते थे.",40.1359859388318,"और यहां तक कि अगर वे एक डॉक्टर को देख सकते थे, तो कई कैमरूनियन इसे बर्दाश्त नहीं कर सकते थे।",31.884945099116763,"और अगर वे एक चिकित्सक को देख सकें तो भी, बहुत से कैमरूनियों को यह पैसा नहीं मिल सका।",42.146554254915706,"और भले ही वे किसी चिकित्सक को दिखा सकें, कई कैमरूनवासी इसे वहन नहीं कर सकते थे।",42.40656269981028,39.14351199816864,13,11-20
They asked some subjects to count the number of dots on a computer screen.,उन्होंने कुछ लोगों से कंप्यूटर स्क्रीन पर बिंदुओं की संख्या बताने को कहा।,उन्होंने कुछ विषयों से पूछा कि कंप्यूटर स्क्रीन पर बिन्दुओं की संख्या गिनें.,65.97403799325627,उन्होंने कुछ विषयों से कंप्यूटर स्क्रीन पर बिंदुओं की संख्या गिनने को कहा।,83.67681166981687,उन्होंने कुछ व्यक्तियों से कंप्यूटर स्क्रीन पर बिंदुओं की संख्या गिनने के लिए कहा।,71.77427430042913,उन्होंने कुछ विषयों से कंप्यूटर स्क्रीन पर बिंदुओं की संख्या गिनने के लिए कहा।,75.95998948751371,74.34627836275399,14,11-20
"According to reports, this year a group of students from McGill University in Montreal received the Hult Prize for an innovative project.",खबरों के अनुसार मॉन्ट्रियल स्थित मैकगिल यूनिवर्सिटी के छात्रों के एक समूह ने इस साल अनोखे प्रोजेक्ट के लिए हल्ट पुरस्कार जीता था।,"रिपोर्ट के अनुसार, इस साल मैगन विश्‍वविद्यालय के एक विद्यार्थी को एक नयी परियोजना के लिए ह्‍यूगनॉट्‌ट पुरस्कार मिला ।",33.3732275402071,"रिपोर्टों के अनुसार, इस वर्ष मॉन्ट्रियल में मैकगिल विश्वविद्यालय के छात्रों के एक समूह को एक अभिनव परियोजना के लिए हुल्ट पुरस्कार मिला।",52.539317899225196,"रिपोर्टों के अनुसार, इस वर्ष मोन्टेरियल में मैगिल विश्वविद्यालय से एक छात्र समूह ने एक नवान्वेषी परियोजना के लिए हल्ट पुरस्कार प्राप्त किया।",40.405848899859606,"रिपोर्ट्स के मुताबिक, इस साल मॉन्ट्रियल में मैकगिल यूनिवर्सिटी के छात्रों के एक समूह को एक इनोवेटिव प्रोजेक्ट के लिए हॉल्ट पुरस्कार मिला।",64.04663048011959,47.59125620485287,22,21-35
"The rep adds: ""Perhaps she is confusing him with someone else.""","प्रतिनिधि ने यह भी कहाः  ""संभवतः पैरी, किसी अन्य व्यक्ति की गलतफहमी में उनके बारे में कह रही हैं""","फिर आगे कहता है, ""शायद वह किसी और के साथ परेशान हो जाए।""",4.960696668021537,"प्रतिनिधि जोड़ता हैः ""शायद वह उसे किसी और के साथ भ्रमित कर रही है।""",20.356351191407494,"रिप का कहना है, '' शायद वह उसे किसी और के साथ भ्रमित कर रही है. ''",10.168152264366311,"प्रतिनिधि आगे कहता है: ""शायद वह उसे किसी और के साथ भ्रमित कर रही है।""",20.8640361222322,14.087309061506886,11,11-20
The Palmer United Party could control up to four votes in the Senate that may be crucial in deciding if the carbon and mining taxes are axed.,"पामर यूनाइटेड पार्टी सीनेट में चार वोट तक नियंत्रित कर सकती है, जो कि कार्बन एवं खनन करों को कम किये जाने के बारे में निर्धारित करने में महत्वपूर्ण हो सकते हैं।",यू. एस.) में चार वोटों पर नियंत्रण रख सकते हैं जो शायद यह निर्णय करने में निर्णायक हों कि कार्बन और टन करों को भारी कर दिया जाए ।,36.38712634072834,पामर यूनाइटेड पार्टी सीनेट में चार वोट तक का नियंत्रण रख सकती है जो कार्बन और खनन करों को समाप्त करने का निर्णय लेने में महत्वपूर्ण हो सकता है।,64.97452216216959,पामर यूनाइटेड पार्टी सेनेट में चार मत तक नियंत्रण कर सकती है जो कार्बन और खनन करों को झुकाया जाने पर निर्णय लेने में महत्वपूर्ण हो सकता है.,60.507173733749575,पामर यूनाइटेड पार्टी सीनेट में चार वोटों तक को नियंत्रित कर सकती है जो यह तय करने में महत्वपूर्ण हो सकते हैं कि कार्बन और खनन कर हटा दिए गए हैं या नहीं।,67.37361216524039,57.31060860047197,27,21-35
"One of the most sophisticated drug smuggling tunnels between the USA and Mexico has been found, complete with its own lighting, ventilation and electric rail systems.","यू.एस.ए. एवं मेक्सिको के बीच सबसे जटिल ड्रग तस्करी सुरंगों में से एक पायी गई है, जिसमें इसका स्वयं की लाइटिंग, वेंटीलेशन एवं इलेक्ट्रिक रेल सिस्टम है।","अमरीका और मेक्सिको के बीच की सबसे जटिल दवा है, जो अमरीका और अमरीका के बीच पायी जाती है ।",18.781739714247685,"अमेरिका और मैक्सिको के बीच सबसे परिष्कृत ड्रग तस्करी सुरंगों में से एक पाया गया है, जिसमें इसकी अपनी प्रकाश व्यवस्था, वेंटिलेशन और इलेक्ट्रिक रेल प्रणाली है।",57.08382301578909,"संयुक्त राज्य अमेरिका और मेक्सिको के बीच एक अत्यंत जटिल ड्रग्स का smuggling सुरंग पाया गया है, जिसमें अपने ही प्रकाश, वाष्पीकरण और विद्युत रेलवे प्रणालियां हैं।",31.261289482796425,"संयुक्त राज्य अमेरिका और मैक्सिको के बीच सबसे परिष्कृत ड्रग तस्करी सुरंगों में से एक की खोज की गई है, जो अपनी स्वयं की प्रकाश व्यवस्था, वेंटिलेशन और इलेक्ट्रिक रेल प्रणालियों से परिपूर्ण है।",46.267608330761334,38.34861513589863,26,21-35
"She has a vagina, but no uterus or ovaries.",उसके शरीर में योनि तो है लेकिन गर्भाशय या डिंबग्रंथि नहीं है।,"वह एक macuta है, लेकिन कोई नल या ocents है.",9.634632001403197,"उसके पास एक योनि है, लेकिन कोई गर्भाशय या अंडाशय नहीं है।",45.262112055608185,"उसके योनि है, लेकिन गर्भाशय या अंडाशय नहीं है।",47.37459693173626,"उसके पास योनि तो है, लेकिन गर्भाशय या अंडाशय नहीं है।",55.73467208586696,39.50150326865365,9,6-10
The Energy Department said Wednesday that U.S. supplies increased 4.1 million barrels last week.,ऊर्जा विभाग ने बुधवार को कहा  कि अमेरिकी आपूर्ति पिछले सप्ताह 4.1 मिलियन बैरल की वृद्धि हुई है,ऊर्जा विभाग ने बुधवार को कहा कि अमरीका में ४.५ लाख गहने ज़्यादा हो गए हैं ।,38.57261309309527,ऊर्जा विभाग ने बुधवार को कहा कि पिछले सप्ताह अमेरिकी आपूर्ति में 4.1 मिलियन बैरल की वृद्धि हुई।,89.7142248871883,"ऊर्जा विभाग ने Çarşamba günü कहा कि पिछले सप्ताह अमरीका की आपूर्ति 4,1 मिलियन बैरल बढ़ी है.",58.48044434864398,ऊर्जा विभाग ने बुधवार को कहा कि पिछले सप्ताह अमेरिकी आपूर्ति में 4.1 मिलियन बैरल की वृद्धि हुई।,89.7142248871883,69.12037680402895,14,11-20
Mahesh Rai of the BJP and Nirmala Sapre of the Congress will face each other in Bina.,बीना में भाजपा के महेश राय एवं कांग्रेस की निर्मला सप्रे आमने सामने हैं।,BJJP और कांग्रेस के Na में से Na में एक दूसरे का सामना करेंगे।,24.51976720370369,बीजेपी के महेश राय और कांग्रेस की निर्मला सापरी बीना में आमने-सामने होंगे।,62.16629998165602,भाजपा के महेश राय और कांग्रेस के निर्मल सप्रे Bina में एक-दूसरे का सामना करेंगे।,51.15613737274891,बीना में बीजेपी के महेश राय और कांग्रेस की निर्मला सप्रे आमने-सामने होंगे.,70.09146534786963,51.983417476494566,17,11-20
"Soon after the drop off, Scarborough was in regular phone contact with Ditta who had been out at the dinner at the Blackburn Rovers football stadium, Ewood Park.","नशीली दवा रखे जाने के पश्चात स्कारबोरो डिट्टा के साथ नियमित रूप से फोन पर सम्पर्क में था, जो ब्लैकर्न रोवर्स फुटबॉल स्टेडियम, ईवुड पार्क में डिनर के लिए बाहर गया था।","कुछ ही समय बाद, डरीरो नाम की एक बहन ने, जो ब्लैकबर्न रोक स्टेडियम में खाना खाने के लिए बाहर निकली थी, ईवुड पार्क में, नियमित तौर पर फोन पर फोन पर बात की ।",40.84858234096799,"ड्रिप के तुरंत बाद, स्कारबोरो डिट्टा के साथ नियमित टेलीफोन संपर्क में था जो ब्लैकबर्न रोवर्स फुटबॉल स्टेडियम, ईवुड पार्क में रात्रिभोज पर बाहर था।",62.38729358749268,"ड्रॉप डाउन के तुरंत बाद, स्करबोरो ने ईवुड पार्क के ब्लैकबर्न रोवर्स फुटबाल स्टेडियम में खाने के लिए बाहर निकले डेट्टा से नियमित रूप से फोन संपर्क किया था।",54.17136076041564,"छोड़ने के तुरंत बाद, स्कारबोरो डिट्टा के साथ नियमित रूप से फोन पर संपर्क में था, जो ब्लैकबर्न रोवर्स फुटबॉल स्टेडियम, ईवुड पार्क में रात्रिभोज के लिए गया था।",74.61063791979855,58.00446865216871,28,21-35
Seven points added to his licence resulted in him receiving a six-month driving ban.,"उनके लाइसेंस में सात बिंदु जोड़े गए, जिसके परिणामस्वरूप उन पर छह महीने तक कार चलाने का प्रतिबंध लगा दिया गया है।",उसके लाइसेंस में सात मुद्दों को जोड़ा गया... ... उसे एक छः महीने के गाड़ी चलाने पर प्रतिबंध प्राप्त हुआ.,43.07756692640016,उसके लाइसेंस में सात अंक जोड़े जाने के परिणामस्वरूप उसे छह महीने के लिए ड्राइविंग प्रतिबंध प्राप्त हुआ।,55.02926159857624,उसके लाइसेंस में सात अंक जोड़े जाने के कारण उसे छह महीने का ड्राइविंग प्रतिबंध लगा दिया गया।,52.35519366159079,उनके लाइसेंस में सात अंक जोड़ने के परिणामस्वरूप उन पर छह महीने का ड्राइविंग प्रतिबंध लगा दिया गया।,68.91210203640469,54.84353105574297,14,11-20
He came up with the idea after reading a research paper on jellyfish and convinced scientists in China to chemically recreate the glowing protein.,उसे यह विचार जेलिफ़िश पर एक शोध पत्र पढ़ने के बाद आया  और चीन के आश्वस्त वैज्ञानिकों ने रासायनिक चमक का उपयोग को प्रोटीन को पुनः चमकाने पर किया.,वह इस विचार के साथ आया कि जॆलली मछली पर एक शोध पत्र पढ़ने के बाद और चीन के वैज्ञानिकों को विश्‍वस्त किया गया कि वे रासायनिक प्रोटीन को विकसित करने के लिए रासायनिक रूप से समर्थ हैं ।,46.37956876102657,यह विचार उन्होंने जेलीफिश पर एक शोध पत्र पढ़ने के बाद आया और चीन में वैज्ञानिकों को रासायनिक रूप से चमकते प्रोटीन को फिर से बनाने के लिए आश्वस्त किया।,63.56991875307513,उन्होंने जेली के बारे में एक शोध-पत्र पढ़ने के बाद यह विचार निकाला और चीन के वैज्ञानिकों को चमकती प्रोटीन को रसायनिक रूप से पुनः उत्पन्न करने के लिए आश्वस्त किया।,52.54286069730551,जेलिफ़िश पर एक शोध पत्र पढ़ने के बाद उनके मन में यह विचार आया और उन्होंने चीन में वैज्ञानिकों को रासायनिक रूप से चमकते प्रोटीन को फिर से बनाने के लिए मना लिया।,57.01949051672747,54.87795968203367,24,21-35
"Seeing his father and so many of his countrymen suffer, Bwelle was determined to do something about it.","अपने पिता तथा अपने देशवासियों की पीड़ा देखकर, वेल ने इसका कुछ समाधान करने का दृढ़ संकल्प लिया।","उसके पिता और उसके कई देशवासियों को दुःख - तकलीफें झेलनी पड़ती हैं, सो बिल ने ठान लिया था कि वह इसके बारे में कुछ करेगा ।",27.480456555842146,"अपने पिता और अपने कई देशवासियों को पीड़ा झेलते देखकर, बुवेले इसके बारे में कुछ करने के लिए दृढ़ थे।",49.43114632488045,अपने पिता और अपने देशवासियों के बहुत-से कष्टों को देखकर बीवेल इस बारे में कुछ करने के लिए दृढ़ता से तैयार थे।,41.16948927695404,"अपने पिता और अपने कई देशवासियों को पीड़ित देखकर, ब्वेले ने इसके बारे में कुछ करने की ठानी।",48.228208071043746,41.5773250571801,18,11-20
"The ""rectification"" order came from the Guangdong Administration of Press and Publication, Radio, Film and Television.","""सुधार"" का आदेश ग्वांगडौंग प्रेस एवं प्रकाशन, रेडियो, फिल्म एवं टेलीविजन प्रशासन से आया।","""पुनर्मेशन"" आदेश प्रेस और प्रकाशन, रेडियो, फ़िल्म और फ़िल्म के फ़्लोर से आया था।",39.16336440197574,"""संशोधन"" आदेश गुआंग्डोंग प्रेस और प्रकाशन, रेडियो, फिल्म और टेलीविजन प्रशासन से आया था।",67.21282375422537,"""निशोधन"" आदेश गुआंगडोंग प्रेस और प्रकाशन, रेडियो, फिल्म और टेलीविजन प्रशासन से आया था।",66.47482112829184,"""सुधार"" आदेश प्रेस और प्रकाशन, रेडियो, फिल्म और टेलीविजन के गुआंग्डोंग प्रशासन से आया था।",69.17418118413099,60.50629761715598,16,11-20
The water rail was fit and well by the time it was released.,छोड़े जाने से पहले वाटर रेल स्वस्थ और तंदुरुस्त हो गया था।,"जब उसे रिहा किया गया, तब तक पानी की रेल ठीक हो चुकी थी ।",7.811155950129323,जब इसे रिलीज़ किया गया तब तक पानी की रेल अच्छी तरह से फिट और अच्छी थी।,7.252605189561437,जल-रेल तब तक ठीक था जब तक उसे छोड़ दिया गया था।,19.600975955625586,जब इसे छोड़ा गया तब तक जल रेल फिट और अच्छी थी।,11.371137186163027,11.508968570369843,13,11-20
"""We would welcome a review by CASA into allowing the use of electronic devices because we really do think it will improve the customer experience now that we have (wireless in-flight entertainment) on our planes,"" a spokesman said.","प्रवक्ता ने कहा कि ""हम विद्युत उपकरणों के उपयोग की अनुमति दिए जाने के मामले में CASA द्वारा समीक्षा का स्वागत करेंगे, क्योंकि हमें वास्तव में ऐसा लगता है कि यह ग्राहकों को बेहतर अनुभव प्रदान करेगा, क्योंकि अब हमारे पास (वायरलेस इन-फ्लाइट मनोरंजन) हमारे विमानों में है।","""हम CAS द्वारा एक समीक्षा का स्वागत करेंगे इलेक्ट्रॉनिक उपकरणों के उपयोग की अनुमति देने के लिए क्योंकि हम वास्तव में यह ग्राहक अनुभव अब हमारे हवाई जहाज पर (प्रयोगिक मनोरंजन) है कि अब बेहतर होगा"" एक प्रवक्ता ने कहा.",51.267551520132876,"एक प्रवक्ता ने कहा, ""हम CASA द्वारा इलेक्ट्रॉनिक उपकरणों के उपयोग की अनुमति देने की समीक्षा का स्वागत करेंगे क्योंकि हमें वास्तव में लगता है कि यह ग्राहक अनुभव में सुधार करेगा क्योंकि हमारे विमानों पर हमारे पास (wireless in-flight entertainment) है।",61.5354323549921,"एक प्रवक्ता ने कहा, ""हम कासा द्वारा इलेक्ट्रॉनिक उपकरणों के उपयोग की अनुमति देने के लिए एक समीक्षा का स्वागत करेंगे क्योंकि हम वास्तव में सोचते हैं कि यह ग्राहक अनुभव में सुधार करेगा अब कि हम अपने विमानों पर (wireless in-flight entertainment) है,""",50.81316264094418,"एक प्रवक्ता ने कहा, ""हम इलेक्ट्रॉनिक उपकरणों के उपयोग की अनुमति देने के लिए CASA की समीक्षा का स्वागत करेंगे क्योंकि हम वास्तव में सोचते हैं कि अब हमारे विमानों में (वायरलेस इन-फ़्लाइट मनोरंजन) ग्राहक अनुभव में सुधार होगा।""",59.11849740330534,55.68366097984362,38,35+
"However, there should be more transparency.",लेकिन इसके बावजूद इसमें और पारदर्शिता लाई जाना चाहिए।,"लेकिन, और भी ज़्यादा पारदर्शिता होनी चाहिए ।",39.937578412989374,"हालांकि, अधिक पारदर्शिता होनी चाहिए।",33.16736838036798,"तथापि, अधिक पारदर्शिता होनी चाहिए।",28.83548871274042,"हालाँकि, अधिक पारदर्शिता होनी चाहिए।",32.81634153544346,33.68919426038531,6,6-10
"I voted for President Obama twice, sharing hope in possibility of change",मैने बदलाव की अपेक्षा में ओबामा को दो बार मतदान दिया,"मैं राष्ट्रपति ओबमा के लिए दो बार वोट दिया, परिवर्तन की संभावना में साझा",20.125597340202035,"मैंने दो बार राष्ट्रपति ओबामा के लिए मतदान किया, परिवर्तन की संभावना में आशा साझा करते हुए",23.530333350278656,"मैंने दो बार राष्ट्रपति ओबामा के लिए मतदान किया, परिवर्तन की संभावनाओं में आशा साझा किया",22.3574433962218,मैंने बदलाव की संभावना में आशा साझा करते हुए राष्ट्रपति ओबामा को दो बार वोट दिया,38.63404224683133,26.161854083383453,12,11-20
"To teach a lesson to the goons the divisional officers have appointed female police officers and others under the leadership of the NGO's, naming them the ""Anti Goon Staff"".",मनचलों को सबक सिखाने के लिए अब विभागीय अधिकारियों ने महिला पुलिस कर्मियों सहित अन्य को एनजीओ के नेतृत्व में 'एंटी गुंडा स्टाफ' का नाम देकर ड्यूटी पर लगाया है।,"""एवरर्सर्स अधिकारियों को एक सबक सिखाने के लिए महिला पुलिस अधिकारियों और अन्यों को NGO के नेतृत्व के तहत नियुक्‍त किया है, उनका नाम ""आवरर्स स्टूफ़"".",43.96756376854537,"गुनों को सबक सिखाने के लिए विभाग के अधिकारियों ने महिला पुलिस अधिकारियों और अन्य लोगों को गैर सरकारी संगठनों के नेतृत्व में नियुक्त किया है, उन्हें ""एंटी गुन स्टाफ"" नाम दिया है।",52.09648821587663,"बदचलनियों को शिक्षा देने के लिए विभागीय अधिकारियों ने गैर सरकारी संगठनों के नेतृत्व में महिला पुलिस अधिकारियों और अन्य अधिकारियों को नियुक्त किया है और उन्हें ""अंटी बदचलन कर्मचारी"" कहा है।",40.673422652100015,"गुंडों को सबक सिखाने के लिए संभागीय अधिकारियों ने एनजीओ के नेतृत्व में महिला पुलिस अधिकारियों और अन्य लोगों को ""एंटी गुंडा स्टाफ"" का नाम देते हुए नियुक्त किया है।",65.51606876545307,50.56338585049377,29,21-35
"I voted for Obama again in 2012, but not because I was excited by his candidacy.","मैने ओबामा के लिए 2012 में पुनः वोट दिया, लेकिन इसलिए नहीं कि मैं उसकी उम्मीदवारी से रोमांचित था।","सन्‌ 2012 में मैंने ओबामा के लिए फिर से वोट दिया, मगर यह नहीं कि मैं उसकी मुट्ठी में हूँ ।",48.12927575051101,"मैंने 2012 में फिर से ओबामा को वोट दिया, लेकिन इसलिए नहीं कि मैं उनकी उम्मीदवारी से उत्साहित था।",72.20864584462963,"मैंने 2012 में ओबामा के लिए फिर से मतदान किया, लेकिन इसलिए नहीं क्योंकि मैं उनकी उम्मीदवारी से उत्तेजित था।",63.37641702740666,"मैंने 2012 में ओबामा को फिर से वोट दिया, लेकिन इसलिए नहीं कि मैं उनकी उम्मीदवारी से उत्साहित था।",71.14830263400742,63.71566031413868,16,11-20
The proposal to increase tax will be presented to the cabinet soon.,टैक्स बढ़ाने संबंधी प्रस्ताव को जल्द ही कैबिनेट के समक्ष रखा जाएगा।,कर बढ़ाने का प्रस्ताव जल्द ही प्रधान को प्रस्तुत किया जाएगा।,43.23117262823897,कर बढ़ाने का प्रस्ताव जल्द ही मंत्रिमंडल में पेश किया जाएगा।,40.86461770815477,कर बढ़ाने का प्रस्ताव शीघ्र मंत्रिमंडल को प्रस्तुत किया जाएगा।,34.615403833992396,टैक्स बढ़ाने का प्रस्ताव जल्द ही कैबिनेट में पेश किया जाएगा.,59.7749003911941,44.62152364039506,12,11-20
"""We are very hopeful that this kind of vaccine strategy can finally help the millions of smokers who have tried to stop, exhausting all the methods on the market today, but find their nicotine addiction to be strong enough to overcome these current approaches,"" Prof Cornell said.","प्रोफेसर कॉर्नेल ने कहा कि ""हमें बहुत उम्मीद है कि इस प्रकार के वैक्सीन की रणनीति अंततः लाखों धूम्रपान करने वालों की सहायता कर सकता है, जिन्होंने आज के समय में बाजार में मौजूद सभी पद्धतियों का प्रयोग करते हुए धूम्रपान छोड़ने का प्रयास किया है, लेकिन उन्होंने पाया कि निकोटीन की उनकी लत, इन मौजूदा पद्धतियों से कहीं अधिक शक्तिशाली है।""","""हम बहुत उम्मीद कर रहे हैं कि इस तरह के वैक्सीन योजना अंत में उन लाखों धूम्रपान करनेवालों की मदद कर सकती है जो आज बाजार पर सभी तरीकों को थका देने की कोशिश की है, लेकिन अपनी लत को अभी के नज़दीक आने के लिए काफी मजबूत होने के लिए पर्याप्त है,"" Penl ने कहा.",30.44474337044113,"प्रोफेसर कॉर्नेल ने कहा, ""हम बहुत आशावादी हैं कि इस तरह की वैक्सीन रणनीति अंततः उन लाखों धूम्रपानियों की मदद कर सकती है जिन्होंने आज बाजार पर उपलब्ध सभी तरीकों को समाप्त करने की कोशिश की है, लेकिन उनकी निकोटीन की लत को इन वर्तमान दृष्टिकोणों को दूर करने के लिए पर्याप्त मजबूत पाया है।",44.38544179283792,"प्रोफेसर कार्नेल ने कहा, ""हम इस प्रकार की टीके की रणनीति अंततः उन लाखों धूम्रपान करने वालों की मदद कर सकती है जिन्होंने आज बाजार में उपलब्ध सभी तरीकों को समाप्त करने के प्रयास किए हैं, लेकिन अपनी निकोटीन पर тәуелि को मौजूदा तरीकों से बचने के लिए काफी मजबूत पाया है,""",45.02558156367173,"प्रोफेसर कॉर्नेल ने कहा, ""हमें पूरी उम्मीद है कि इस तरह की वैक्सीन रणनीति अंततः उन लाखों धूम्रपान करने वालों की मदद कर सकती है, जिन्होंने आज बाजार में उपलब्ध सभी तरीकों को अपनाकर इसे छोड़ने की कोशिश की है, लेकिन अपनी निकोटीन की लत को इन मौजूदा दृष्टिकोणों पर काबू पाने के लिए काफी मजबूत पाते हैं।""",52.5567754957844,43.10313555568379,47,35+
"The shadowy National Security Agency said late Friday that it was a glitch that brought down its public website for a few hours, not hackers as some claimed online.","रहस्यपूर्ण राष्ट्रीय सुरक्षा एजेन्सी ने शुक्रवार को कहा कि कुछ तकनीकी कमी के कारण हमारी वेबसाइट कुछ घंटों के लिए बंद हो गई थी, न कि हैकर्स के कारण जैसा कि कुछ लोगों ने ऑनलाइन दावा किया था।",कुछ लोगों ने इंटरनेट का दावा किया है ।,1.1220127328585898,"राष्ट्रीय सुरक्षा एजेंसी ने शुक्रवार देर रात कहा कि यह एक गड़बड़ थी जिसने कुछ घंटों के लिए अपनी सार्वजनिक वेबसाइट को डाउन कर दिया, हैकर्स नहीं जैसा कि कुछ ने ऑनलाइन दावा किया था।",58.283475684809375,"छायावादी राष्ट्रीय सुरक्षा एजेंसी ने Cuma के अंत में कहा कि यह एक त्रुटि थी जिसने अपने सार्वजनिक वेबसाइट को कुछ घंटों के लिए नीचे लाया, जैसा कि कुछ लोग ऑनलाइन दावा करते हैं हैकर नहीं.",50.495172318121604,"गुप्त राष्ट्रीय सुरक्षा एजेंसी ने शुक्रवार देर रात कहा कि यह एक गड़बड़ी थी जिसने उसकी सार्वजनिक वेबसाइट को कुछ घंटों के लिए बंद कर दिया, न कि हैकर्स ने, जैसा कि कुछ लोगों ने ऑनलाइन दावा किया था।",65.09352432802388,43.748546265953365,29,21-35
Mozambique security concerns mount as powerful personalities clash,मोजाम्बिक की सुरक्षा चिंता का विषय ताकतवर शख्सियतों टकराव के रूप में बढ़ते हैं,मोज़ेनिया सुरक्षा की चिंता करता है,14.610159201384601,मोजाम्बिक की सुरक्षा चिंताएं बढ़ रही हैं क्योंकि शक्तिशाली व्यक्तित्व संघर्ष कर रहे हैं,42.38215834794416,powerful personalities clash के रूप में मोजाम्बिक सुरक्षा चिंताएं बढ़ती हैं,45.91701131489621,शक्तिशाली व्यक्तित्वों के टकराव के कारण मोजाम्बिक में सुरक्षा संबंधी चिंताएँ बढ़ गई हैं,39.96327594121683,35.71815120136045,8,6-10
This week I was reading the portion of the book describing how Obama suffered a huge loss to Clinton in the Pennsylvania primary.,"इस सप्ताह में पुस्तक का एक हिस्सा पढ़ रहा था, जिसमें वर्णित किया गया था कि किस तरह से पेनसिलवेनिया प्राइमरी में ओबामा के कारण क्लिन्टन को बहुत बड़ा नुकसान नहुआ था।",इस हफ्ते मैं इस किताब का हिस्सा पढ़ रहा था ।,3.0357095586566616,इस सप्ताह मैं किताब का हिस्सा पढ़ रहा था कि कैसे ओबामा ने पेंसिल्वेनिया के प्राथमिक चुनाव में क्लिंटन से भारी हार झेली।,34.68895663402366,इस सप्ताह मैं पुस्तक के उस भाग को पढ़ रहा था जिसमें ओबामा ने किस प्रकार पेन्सिलवेनिया के प्राथमिक चुनाव में क्लिंटन को भारी हानि का सामना किया था।,47.55148438101056,इस सप्ताह मैं पुस्तक का वह भाग पढ़ रहा था जिसमें बताया गया था कि किस प्रकार पेंसिल्वेनिया प्राइमरी में ओबामा को क्लिंटन से भारी हार का सामना करना पड़ा था।,54.580426459528496,34.96414425830484,23,21-35
"After he was detained, his newspaper published two front-page appeals for his release, saying it backed his journalism.","उन्हें निरूद्ध किये जाने के पश्चात उनके अखबार ने उनकी रिहाई के लिए दो मुखपृष्ठ अपील प्रकाशित की, तथा कहा कि वह मि. चेन की पत्रकारिता का समर्थन करता है।","जब उसे हिरासत में रखा गया, उसके अखबार ने अपनी रिहाई के लिए दो सामने के निवेदन प्रकाशित किए, और कहा कि यह अपनी पत्रिकावाद को वापस लाया.",37.22547444797704,"उनकी गिरफ्तारी के बाद, उनके अखबार ने उनकी रिहाई के लिए दो मुख्य पृष्ठ अपीलें प्रकाशित कीं, जिसमें कहा गया कि यह उनकी पत्रकारिता का समर्थन करता है।",66.12191848076749,"गिरफ्तार किए जाने के बाद, उनके समाचार पत्र ने दो पृष्ठों पर उनके रिहाई के लिए अपीलें प्रकाशित की, जिसमें कहा गया था कि यह उनके पत्रकारिता का समर्थन करता है।",54.44004127716418,"हिरासत में लिए जाने के बाद, उनके अखबार ने उनकी रिहाई के लिए पहले पन्ने पर दो अपीलें प्रकाशित कीं और कहा कि यह उनकी पत्रकारिता का समर्थन करता है।",62.546530385656176,55.08349114789122,18,11-20
Here's my point: sometime soon growing anti-EU and anti-common currency feeling in Europe will coalesce to kill the euro.,मेरा दृष्टिकोण यह हैः जल्द ही यूरोप में ई.यू. विरोधी तथा सर्वनिष्ठ मुद्रा विरोधी भावना का संगम यूरो को खत्म कर देगा।,यहाँ मेरी बात है: कुछ ही समय में यूरोप में बढ़ते विरोधी और विरोधी मुद्राओं की भावना की हत्या करने के लिए।,33.45767362734731,यहाँ मेरा मुद्दा हैः कभी-कभी जल्द ही यूरोप में बढ़ती यूरोपीय संघ विरोधी और सामान्य मुद्रा विरोधी भावनाएं यूरो को मारने के लिए एकजुट हो जाएंगी।,40.12257894449506,मेरी बात यह है कि कभी-कभी यूरोप में बढ़ती हुई यूरोपीय संघ के विरूद्ध और सामान्य मुद्रा के विरूद्ध भावनाएं एकजुट होकर यूरो को नष्ट कर देंगी।,30.644763454637292,मेरा कहना यह है: जल्द ही यूरोप में बढ़ती यूरोपीय संघ विरोधी और आम मुद्रा विरोधी भावना एकजुट होकर यूरो को ख़त्म कर देगी।,55.25977804917667,39.871198518914085,19,11-20
"The Sari Club was levelled when a massive bomb loaded into a van parked outside was detonated just after 11pm on October 12, 2002.","12 अक्तूबर 2002 को रात्रि 11 बजे के एकदम बाद, दि सारी क्लब के बाहर खड़ी वैन में लोड किए गए बम के विस्फोट के पश्चात इस क्लब का नामोनिशान मिट गया था।","सन्‌ 2002 के अक्‍तूबर 12, 2002 के दिन, एक विशाल बम विस्फोट खत्म हो गया ।",12.307613249547664,सारी क्लब को तब तबाह कर दिया गया जब 12 अक्टूबर 2002 को रात 11 बजे के ठीक बाद एक बड़े पैमाने पर बम से बाहर खड़ा एक वैन में विस्फोट हुआ।,44.95709163177082,"12 अक्तूबर, 2002 को 11 बजे के ठीक बाद बाहर पार्क किए गए एक वान में भारी बम को विस्फोटित करते हुए सरी क्लब को तहस-नहस कर दिया गया।",39.914398173975144,साड़ी क्लब तब नष्ट हो गया जब 12 अक्टूबर 2002 को रात 11 बजे के बाद बाहर खड़ी एक वैन में लादे गए एक विशाल बम में विस्फोट हो गया।,43.72015949627996,35.2248156378934,24,21-35
"""Depending on the condition of the plan, we could approve expanded use of electronic devices very soon,"" the FAA said in a statement.","एफ.ए.ए. ने एक बयान में कहा, ""योजना की स्थिति के आधार पर, हम बहुत जल्दी इलेक्ट्रॉनिक डिवाइस के विस्तारित उपयोग को स्वीकृति दे सकते हैं।","""इस योजना की स्थिति पर निर्भर, हम बहुत जल्द इलेक्ट्रॉनिक उपकरणों का विस्तार स्वीकार कर सकते हैं,"" FA ने एक कथन में कहा.",53.50521984637165,"एफएए ने एक बयान में कहा, ""योजना की स्थिति के आधार पर, हम बहुत जल्द इलेक्ट्रॉनिक उपकरणों के व्यापक उपयोग को मंजूरी दे सकते हैं।",68.5255060712622,"एफएए ने एक वक्तव्य में कहा, ""योजना की स्थिति पर निर्भर करता है, हम इलेक्ट्रॉनिक उपकरणों के व्यापक प्रयोग को शीघ्र ही अनुमोदित कर सकते हैं।""",45.985941184419325,"एफएए ने एक बयान में कहा, ""योजना की स्थिति के आधार पर, हम बहुत जल्द इलेक्ट्रॉनिक उपकरणों के विस्तारित उपयोग को मंजूरी दे सकते हैं।""",76.9365462507159,61.23830333819227,23,21-35
"Manmohan Singh is the Prime Minister and it is his government, yet they want Modi to respond.","मनमोहन सिंह प्रधानमंत्री हैं और उनकी सरकार है, फिर भी उन्हें मोदी से जवाब चाहिए।","मैमोमा सिंह प्रधानमंत्री है और यह उसकी सरकार है, फिर भी वे प्रतिक्रिया दिखाने के लिए मोदी चाहते हैं.",47.537463136576186,"मनमोहन सिंह प्रधानमंत्री हैं और यह उनकी सरकार है, फिर भी वे मोदी को जवाब देना चाहते हैं।",69.65695538158317,"मानमोहन सिंह प्रधानमंत्री हैं और यह उनकी सरकार है, फिर भी वे चाहते हैं कि மோடி उत्तर दें।",62.53902445165913,"मनमोहन सिंह प्रधानमंत्री हैं और यह उनकी सरकार है, फिर भी वे चाहते हैं कि मोदी जवाब दें।",71.02486509807629,62.6895770169737,17,11-20
This will solve the drinking water problem of the devotees.,जिससे आने जाने वाले श्रद्धालुओं को पीने के पानी की समस्या दूर हो जाएगी।,यह उन दासों की पीने की समस्या को सुलझा देगा ।,20.065888944037003,इससे भक्तों की पीने के पानी की समस्या का समाधान होगा।,36.454752639610824,इससे भक्तों की पेयजल की समस्या हल हो जाएगी।,24.841747635720786,इससे श्रद्धालुओं की पेयजल समस्या का समाधान हो जायेगा.,37.466643868852934,29.70725827205539,10,6-10
"However, the absence of bowler Michael Johnson could make things difficult.",गेंदबाजी में मिशेल जॉनसन की कमी ऑस्ट्रेलिया को भारी पड़ सकती है।,"लेकिन, कटोरेवाले की कमी माइकल जॉनसन को कुछ मुश्‍किल कर सकती थी ।",27.14172943939773,"हालांकि, गेंदबाज माइकल जॉनसन की अनुपस्थिति चीजों को कठिन बना सकती है।",35.25192935977748,"तथापि, गेंदबाज माइकल जॉनसन की अनुपस्थिति से स्थिति कठिन हो सकती है।",35.84967783928138,"हालांकि, गेंदबाज माइकल जॉनसन की गैरमौजूदगी से चीजें मुश्किल हो सकती हैं।",33.68641976272591,32.98243910029562,11,11-20
"He lapsed into a month-long coma in the wake of the bombing, and ""died"" three times while on life support.","वे इस बम विस्फोट की घटना के परिणामस्वरूप एक महीने लम्बे कोमा में चले गए तथा जीवन-रक्षक उपकरणों पर रहने के दौरान उनकी तीन बार ""मृत्यु"" हुई।","वह एक महीने भर कोमा में पड़ गया जब बम विस्फोट के समय, और जीवन समर्थन पर तीन बार ""डी""।",24.51500370449594,"वह बमबारी के बाद एक महीने के लिए कोमा में गिर गया, और जीवन समर्थन पर रहते हुए तीन बार ""मर गया""।",24.238553733902577,"बमबारी के बाद वह एक महीने तक कोमा में गिर गया और तीन बार जीवन-शैली पर रहते हुए ""मृत्यु"" कर दिया।",27.05519071707301,"बमबारी के बाद वह एक महीने के कोमा में चले गए, और जीवन समर्थन के दौरान तीन बार ""मृत्यु"" हुई।",37.86529168507027,28.418509960135452,20,11-20
At the moment there is a sort of bias towards Europe and especially towards Italy.,वर्तमान में यूरोप तथा खास तौर पर इटली के प्रति एक प्रकार का पूर्वाग्रह है।,उस वक्‍त यूरोप और खास इटली की ओर एक प्रकार की पक्षपात होता है ।,30.914219161849697,वर्तमान में यूरोप और विशेष रूप से इटली के प्रति एक प्रकार का पूर्वाग्रह है।,78.76320892000072,वर्तमान में यूरोप और विशेषकर इटली के प्रति एक प्रकार की पूर्वाग्रह है।,76.27373393007427,इस समय यूरोप और विशेषकर इटली के प्रति एक प्रकार का पूर्वाग्रह है।,64.7336186572372,62.67119516729047,15,11-20
"After five years of robust growth since the global financial crisis, and cheap credit fuelled by loose monetary policy in advanced economies, lower- and middle-income families are turning to pawn shops to make up the difference as their economies slow.","वैश्विक वित्तीय आपदा के पश्चात पाँच वर्षों तक मजबूत वृद्धि, तथा विकसित अर्थव्यवस्थाओं में सरल मौद्रिक नीति के कारण सस्ते क्रेडिट के बाद, अपनी अर्थव्यवस्था के मंद पड़ने के कारण निम्न तथा मध्यम आय वाले परिवार अपनी आवश्यकताएँ पूरी करने के लिए पॉनशॉप का रुख कर रहे हैं।","विश्‍वव्यापी आर्थिक संकट के पाँच वर्षों के बाद से मजबूत वृद्धि के बाद, और अधिक आर्थिक नीति से भ्रष्ट आर्थिक नीति द्वारा गंदा क्रेडिट ईंधन, कम और मध्य आने वाले परिवारों के साथ-साथ आने वाले परिवारों के बीच की दुकानों में बदलाव के रूप में बदल रहे हैं.",34.41837819290385,"वैश्विक वित्तीय संकट के बाद से पांच साल के मजबूत विकास के बाद, और उन्नत अर्थव्यवस्थाओं में ढीली मौद्रिक नीति से प्रेरित सस्ते ऋण, निम्न और मध्यम आय वाले परिवार अपनी अर्थव्यवस्थाओं की धीमी गति के साथ अंतर को पूरा करने के लिए पट्टे की दुकानों की ओर रुख कर रहे हैं।",57.47426609629257,"वैश्विक वित्तीय संकट के बाद पांच वर्षों के मजबूत विकास के बाद और उन्नत अर्थव्यवस्थाओं में सुलभ मुद्रा नीति से प्रेरित सस्ती ऋण के बाद, निम्न और मध्यम आय वाले परिवार अपने अर्थव्यवस्थाओं की गति धीमी होने के कारण अंतर को पूरा करने के लिए पैन शॉप के रूप में बदल रहे हैं।",56.65893407587666,"वैश्विक वित्तीय संकट के बाद पांच साल की मजबूत वृद्धि और उन्नत अर्थव्यवस्थाओं में ढीली मौद्रिक नीति के कारण सस्ते ऋण के बाद, निम्न और मध्यम आय वाले परिवार अपनी अर्थव्यवस्था में मंदी के कारण अंतर को पूरा करने के लिए गिरवी की दुकानों की ओर रुख कर रहे हैं।",61.88608013784177,52.60941462572872,40,35+
"Nevada is among several states now scrambling to find affordable technology that would allow the state to keep track of how many miles a car is being driven, but not exactly where and at what time.","नेवाडा उन बहुत से राज्यों में से है, जो वहनीय प्रौद्योगिकी प्राप्त करने के लिए हरसंभव प्रयास कर रहा है, जिसकी सहायता से राज्य इस बात का विवरण प्राप्त कर सके कि कार कितने मील प्रतिदिन चल रही है, लेकिन यह नहीं कि वह कहां और किस समय चल रही है।",नवाडा अब बहुत - से देशों में है ।,0.056683933582636355,"नेवादा कई राज्यों में से एक है जो अब सस्ती तकनीक खोजने के लिए संघर्ष कर रहे हैं जो राज्य को यह ट्रैक रखने की अनुमति देगी कि कार कितनी मील की ड्राइविंग कर रही है, लेकिन ठीक से नहीं कि कहाँ और किस समय।",35.89710366605547,"नेवाडा कई राज्यों में है जो अब वहनीय प्रौद्योगिकी ढूंढने के लिए प्रयास कर रहे हैं जो राज्य को एक कार को कितनी मीलों पर चलाया जा रहा है, लेकिन सही रूप से कहाँ और कब चलाया जा रहा है, उसका पता रखने की अनुमति देगा।",41.65673008285242,"नेवादा उन कई राज्यों में से एक है जो अब सस्ती तकनीक खोजने के लिए संघर्ष कर रहा है जो राज्य को यह ट्रैक करने की अनुमति देगा कि एक कार कितने मील चलाई जा रही है, लेकिन यह नहीं कि वास्तव में कहाँ और किस समय।",41.12411061808673,29.683657075144314,36,35+
But this went way beyond the ordinary confines of a lawyer-client relationship.,लेकिन वह वकील-क्लाइंट सम्बन्ध की अपनी सीमा से कहीं आगे निकल गया।,लेकिन यह एक वकील-ह्वा संबंध के साधारण कवर के पार चला गया.,20.211226578827425,लेकिन यह वकील-ग्राहक संबंध की सामान्य सीमाओं से बहुत आगे चला गया।,32.20309932592966,लेकिन यह वकील-client के संबंध के सामान्य सीमाओं से परे चला गया।,29.227480177177892,लेकिन यह वकील-ग्राहक संबंध की सामान्य सीमा से कहीं आगे निकल गया।,59.849386884308686,35.372798241560915,12,11-20
The third and final match of the series will be played on Sunday at Fatullah.,सीरीज का तीसरा और अंतिम मैच रविवार को फातुल्लाह में खेला जाएगा।,रविवार को फ़ुला में श्रृंखला का तीसरा और आखिरी जोड़ खेला जाएगा.,53.34596453364893,श्रृंखला का तीसरा और अंतिम मैच रविवार को फतूलल्लाह में खेला जाएगा।,77.81060076049958,इस श्रृंखला का तीसरा और अंतिम मैच रविवार को फतूलह में खेला जाएगा।,75.16767585133302,सीरीज का तीसरा और आखिरी मैच रविवार को फतुल्लाह में खेला जाएगा।,82.40376495709825,72.18200152564495,15,11-20
The hunt for that technology has led some state agencies to a small California startup called True Mileage.,इस प्रौद्योगिकी की तलाश ने कुछ राज्य एजेन्सियों को ट्रू माइलेज नामक छोटे कैलीफोर्निया स्टार्ट-अप के पास पहुंचाया।,"इस तकनीक के शिकार ने कुछ राज्य एजेन्सियाँ एक छोटे से कैलिफोर्निया की ओर ले गयी हैं, जिसे सच्चा मीलोम कहा जाता है ।",39.15316435420063,उस तकनीक के लिए शिकार ने कुछ राज्य एजेंसियों को True Mileage नामक एक छोटे से कैलिफोर्निया स्टार्टअप के लिए प्रेरित किया है।,45.90780617801712,इस प्रौद्योगिकी के लिए खोज ने कुछ राज्य एजेंसियों को एक छोटे कैलिफोर्निया के स्टार्टअप True Mileage के लिए प्रेरित किया है।,52.69862701804997,उस तकनीक की खोज ने कुछ राज्य एजेंसियों को ट्रू माइलेज नामक कैलिफ़ोर्निया के एक छोटे स्टार्टअप तक पहुँचाया है।,56.972554713942166,48.68303806605247,18,11-20
In letters written to the senators all these companies have said that the senators' proposal to restrict the NSA's large scale phone tapping is welcomed by them.,सीनेटरों को लिखे पत्र में इन कंपनियों ने कहा है कि एनएसए के बड़े पैमाने पर फोन रिकार्ड करने पर अंकुश लगाने वाले सांसदों के इस प्रस्ताव का हम स्वागत करते हैं।,इन सभी कंपनियों को लिखे पत्रों में कहा गया है कि NASA के बड़े पैमाने पर फोन की जाँच पर रोक लगाने का प्रस्ताव उनके द्वारा ग्रहण किया जाता है।,46.017206954027756,सीनेटरों को लिखे गए पत्रों में इन सभी कंपनियों ने कहा है कि एनएसए के बड़े पैमाने पर फोन टैपिंग को प्रतिबंधित करने के लिए सीनेटरों के प्रस्ताव का उनका स्वागत है।,62.680200781842956,सेनेटरों को लिखे गए पत्रों में इन सभी कंपनियों ने कहा है कि एनएसए के बड़े पैमाने पर टेलीफोन टेपिंग को प्रतिबंधित करने के सेनेटरों का प्रस्ताव उनके द्वारा स्वागत किया जाता है.,54.56331146183014,इन सभी कंपनियों ने सीनेटरों को लिखे पत्र में कहा है कि एनएसए के बड़े पैमाने पर फोन टैपिंग पर रोक लगाने के सीनेटरों के प्रस्ताव का वे स्वागत करते हैं।,70.14844419025955,58.3522908469901,27,21-35
"Then, changing the subject, Bansal told the reporters that in the last parliamentary elections the BJP had sent a women after him and conspired to lodge a complaint against him, but that they had failed.",इसके बाद मामले को दूसरी तरफ मोड़ते हुए बंसल ने पत्रकारों से कहा कि भाजपा ने पिछले संसदीय चुनाव के दौरान उनके पीछे एक औरत को लगा कर शिकायत करवाने की साजिश रची थी जो कामयाब नहीं हो पाई।,"उसके बाद, बJP चुनावों में आरोपियों ने पत्रकारों को बताया कि आखिरी फैसला करने के बाद बJP ने एक स्त्रियों को भेजा था और उसके खिलाफ शिकायत दर्ज करने की साज़िश रची थी, लेकिन वे असफल रहे थे।",32.82772122065906,"इसके बाद विषय बदलते हुए बंसल ने संवाददाताओं से कहा कि पिछले संसदीय चुनावों में भाजपा ने उनके पीछे एक महिला को भेजा था और उनके खिलाफ शिकायत दर्ज कराने की साजिश की थी, लेकिन वे असफल रहे थे।",50.061566590753145,"इसके बाद, विषय को बदलते हुए, बानसल ने reporters को बताया कि पिछले संसदीय चुनावों में भाजपा ने उसके पीछे एक महिला को भेजा था और उसने उसके खिलाफ शिकायत दर्ज करने के लिए षड्यंत्र किया था, लेकिन वे असफल रहे थे.",35.19650550851423,"फिर विषय बदलते हुए बंसल ने पत्रकारों से कहा कि पिछले संसदीय चुनाव में भाजपा ने उनके पीछे एक महिला को भेजा था और उनके खिलाफ शिकायत दर्ज कराने की साजिश रची थी, लेकिन वे असफल रहे।",56.73092592752644,43.70417981186322,35,21-35
Each of these weekend clinics provides a variety of medical care.,ये सभी सप्ताहांत क्लिनिक विभिन्न प्रकार की चिकित्सा सेवा प्रदान करते हैं।,इनमें से हर शनिवार - रविवार को इलाज के लिए अलग - अलग तरीके से इलाज किया जाता है ।,7.742033968273866,इन सप्ताहांत क्लीनिकों में से प्रत्येक विभिन्न प्रकार की चिकित्सा सेवाएं प्रदान करता है।,65.22609756072444,इन सप्ताहांत के क्लिनिकों में से प्रत्येक में विभिन्न प्रकार की चिकित्सा सेवाएं प्रदान की जाती हैं।,59.98389782049167,इनमें से प्रत्येक सप्ताहांत क्लिनिक विभिन्न प्रकार की चिकित्सा देखभाल प्रदान करता है।,67.2488060706995,50.05020885504737,11,11-20
"The cause of the blast was not known, he said.",उन्होंने कहा कि इस विस्फोट का कारण अभी ज्ञात नहीं है।,"तो फिर, उसने क्या किया?",4.506159465462205,उन्होंने कहा कि विस्फोट का कारण ज्ञात नहीं था।,73.36230683474734,उसने कहा कि विस्फोट का कारण नहीं ज्ञात है।,57.19290214442808,उन्होंने बताया कि विस्फोट का कारण पता नहीं चला है।,55.891856031293344,47.73830611898274,10,6-10
"The director of the Mall group made payments to all the financial institutions after deducting the TDS, but did not deposit it in the government treasury.","मॉल के ग्रुप संचालक ने टीडीएस काटकर संबंधित वित्तीय संस्थानों को भुगतान तो किया, लेकिन सरकारी खजाने में इसका भुगतान नहीं किया।",लेकिन सरकार के भंडार में इसे जमा नहीं किया गया ।,10.292719416893785,"मॉल समूह के निदेशक ने टीडीएस कटौती करने के बाद सभी वित्तीय संस्थानों को भुगतान किया, लेकिन इसे सरकारी खजाने में जमा नहीं किया।",62.80471953073873,"मॉल समूह के निदेशक ने टीडीएस को कटौती करने के बाद सभी वित्तीय संस्थाओं को भुगतान किया, लेकिन उसे सरकारी खजाने में जमा नहीं किया.",58.31552829712629,"मॉल समूह के निदेशक ने सभी वित्तीय संस्थानों को टीडीएस काटकर भुगतान किया, लेकिन इसे सरकारी खजाने में जमा नहीं किया।",61.58144757822737,48.24860370574655,26,21-35
The stop-and-frisk tactic has been criticized by a number of civil rights advocates.,विराम और क्रीड़ा युक्ति नागरिक अधिकारों अधिवक्ताओं के साथ आलोचना की गई है.,कई नागरिक अधिकारों के समर्थकों द्वारा रोक-साथ चाल की आलोचना की गई है।,48.16247063939323,कई नागरिक अधिकारों के समर्थकों द्वारा रोक-टोक की रणनीति की आलोचना की गई है।,47.33859836394326,इस रोक-और-फ्रीस्क रणनीति को अनेक नागरिक अधिकार समर्थकों ने आलोचना की है।,37.190883971232196,कई नागरिक अधिकार अधिवक्ताओं द्वारा रोको और तलाशी लेने की रणनीति की आलोचना की गई है।,50.726372303344554,45.85458131947831,13,11-20
Mitt Romney presented a confusing and unrefined alternative who could not seem to lock down his policies or his positions.,"मिट रोमनी ने एक भ्रमित करने वाला तथा एक अनिश्चित विकल्प प्रस्तुत किया, जो कि उनकी नीतियों अथवा उनके पद को निर्धारित करने जैसा नहीं प्रतीत होता था।","इस मामले में डॉ. रोमी रोमनी ने उलझन में पड़कर एक ऐसा विकल्प पेश किया, जो अपनी नीति या अपने पदों को क़ाबू में नहीं कर सकता था ।",28.66717520653288,मिट रोमनी ने एक भ्रमित और अपरिष्कृत विकल्प प्रस्तुत किया जो अपनी नीतियों या अपने पदों को बंद नहीं कर सकता था।,42.6352723180501,मिट रोम्नी ने एक असंदिग्ध और अपरिभाषित विकल्प प्रस्तुत किया जो अपनी नीतियों या अपनी स्थिति को बंद नहीं कर सकता था.,37.625493639648354,मिट रोमनी ने एक भ्रमित करने वाला और अपरिष्कृत विकल्प प्रस्तुत किया जो उनकी नीतियों या उनके पदों को बंद नहीं कर सका।,52.971058444958146,40.474749902297376,20,11-20
"In the United States, the average age is 12.5 years, down from 12.75 in 1970.","युनाइटेड स्टेट्स में, औसत आयु 12.5 वर्ष है, जो वर्ष 1970 में 12.75 थी।","अमरीका में, औसत उम्र १२.५ साल है, जो १९७० में १.५ साल से कम है ।",20.377861921229982,"संयुक्त राज्य अमेरिका में, औसत आयु 12.5 वर्ष है, जो 1970 में 12.75 वर्ष से कम है।",57.65033792055344,संयुक्त राज्य अमरीका में औसत आयु 12.5 वर्ष है जो 1970 में 12.75 वर्ष से कम है।,51.78984996423723,"संयुक्त राज्य अमेरिका में, औसत आयु 12.5 वर्ष है, जो 1970 में 12.75 से कम है।",57.8840403332771,46.92552253482444,15,11-20
"The Punjab, Haryana, Rajasthan and Uttarakhand are among the states where the sale of kerosene sale will be stopped.","जिन राज्यों में केरोसिन की बिक्री बंद होनी है उनमें पंजाब, हरियाणा, राजस्थान, उत्तराखंड शामिल हैं।","पीनाब, हरानाना, राजस्थान और उत्ख और उशाचों में से एक हैं जहाँ बिकना की बिक्री बंद हो जाएगी ।",41.25134969475496,"पंजाब, हरियाणा, राजस्थान और उत्तराखंड उन राज्यों में से हैं जहां केरोसीन की बिक्री बंद कर दी जाएगी।",67.8073730131205,"पंजाब, हरियाणा, राजस्थान और उत्तराखण्ड ऐसे राज्यों में हैं जहां केरोसीन की बिक्री बंद कर दी जाएगी।",63.78073372756645,"पंजाब, हरियाणा, राजस्थान और उत्तराखंड उन राज्यों में शामिल हैं जहां केरोसिन की बिक्री बंद कर दी जाएगी।",74.93766778481485,61.944281055064195,19,11-20
Every manufacturer schedules it in a different way.,हर निर्माता एक अलग तरीके से शेड्यूल बनाते हैं.,हर निर्माता इसे अलग तरीके से निर्धारित करता है.,50.00481181016243,प्रत्येक निर्माता इसे अलग तरीके से शेड्यूल करता है।,56.71437238324072,प्रत्येक निर्माता इसे अलग तरीके से अनुसूचित करता है।,40.849541901379304,प्रत्येक निर्माता इसे अलग-अलग तरीके से शेड्यूल करता है।,51.725334630483715,49.82351518131654,8,6-10
Gazprom's Alexei Miller says pipeline in Bulgaria starts new gas era,गैजप्रोम के एलेक्सी मिलर ने बुल्गारिया में पाइपलाइन को एक नये दौर की शुरूआत बताया,गाब्रोज्ज़्ज़ी Mari Marg है बल्गारिया में Mercuti Mercut है नया गैस का युग शुरू होता है,23.852251219694697,गैज़प्रॉम के एलेक्सी मिलर ने कहा कि बुल्गारिया में पाइपलाइन एक नए गैस युग की शुरुआत है,62.30148376047144,गॉस्पोर्म के एलेक्जेई मिलर का कहना है कि बुल्गारिया में पाइपलाइन से नई गैस युग शुरू हो गया है,47.521676748726996,गज़प्रॉम के एलेक्सी मिलर का कहना है कि बुल्गारिया में पाइपलाइन से नए गैस युग की शुरुआत होती है,54.359493459694896,47.00872629714701,11,11-20
"According to the information received, a resident named Habibullah Malla was walking towards Willow Nursery in Haritara Sopor on Thursday.","जानकारी के अनुसार, वीरवार को हरीतारा-सोपोर में हबीबुल्ला मल्ला नामक एक शहरी विलो नर्सरी की तरफ जा रहा था।","इस जानकारी के मुताबिक, हूब्ब्बाबाला नाम के निवासी, हर्मन सोर की ओर चल रहे थे ।",20.3829226669365,"प्राप्त जानकारी के अनुसार, हबीबुल्लाह मल्ला नामक एक निवासी गुरुवार को हरिटारा सोपोर में विलो नर्सरी की ओर चल रहा था।",64.45749093669622,"प्राप्त सूचनाओं के अनुसार, एक निवासी हबिबुलल्ला मल्ल Perşembe günü हरितारा सोपोर में वल्लों नर्सरी की ओर चल रहा था।",41.39067931638392,प्राप्त जानकारी के अनुसार हबीबुल्लाह मल्ला नामक निवासी गुरुवार को हरितारा सोपोर में विलो नर्सरी की ओर पैदल जा रहा था.,62.517315103760154,47.1871020059442,20,11-20
Pamela Anderson is the latest celebrity to shock fans with a dramatic new hairdo.,इन दिनों पामेला एंडरसन ही ऐसी सेलिब्रिटी हैं जिन्होंने नई नाटकीय हेयरस्टाइल के साथ अपने प्रशंसकों को झटका दिया है।,"इस बात को ध्यान में रखते हुए, आप क्या कर सकते हैं, यह जानने के लिए आप क्या कर सकते हैं?",5.17130664890332,पामेला एंडरसन एक नाटकीय नए हेयरड्रेस के साथ प्रशंसकों को चौंकाने वाली नवीनतम सेलिब्रिटी हैं।,47.1703208668093,पामेला एंडरसन एक नाटकीय नये बालों के साथ श्रोताओं को धकेलने के लिए नवीनतम प्रसिद्धि हैं।,28.932561919236147,पामेला एंडरसन एक नाटकीय नए हेयरस्टाइल के साथ प्रशंसकों को आश्चर्यचकित करने वाली नवीनतम सेलिब्रिटी हैं।,55.502962035534004,34.194287867620694,14,11-20
When the hotel employees protested the fight began.,होटल कर्मियों ने विरोध किया तो मारपीट शुरू कर दी।,जब होटल के कर्मचारी लड़ाई का विरोध करने लगे ।,30.31847974767278,जब होटल के कर्मचारियों ने विरोध किया तो लड़ाई शुरू हो गई।,54.786095866782304,जब होटल के कर्मचारियों ने विरोध किया तो लड़ाई शुरू हुई।,56.046369856299634,होटल कर्मियों ने विरोध किया तो मारपीट शुरू हो गयी.,85.39615583623383,56.63677532674714,8,6-10
"In the Government Medical College and Hospital (GMCH), Sector 32 ENT department head, Prof. Arjun Das of the National Academy of Medical Sciences New Delhi, has been selected for the fellowship.",गवर्नमेंट मेडिकल कालेज एवं अस्पताल (जीएमसीएच) सेक्टर 32 के ईएनटी विभाग के प्रमुख प्रो. अर्जुन दास को नेशनल एकेडमी ऑफ मेडिकल साइंसिस नई दिल्ली की फेलोशिप के लिए चुना गया है।,"सरकार चिकित्सा कॉलेज और अस्पताल (जीएमसीएच) में, चिकित्सा विज्ञान के राष्ट्रीय संस्थान के अध्यक्ष, सॆक्टर ३२ पार ।",18.720979824886705,"सरकारी मेडिकल कॉलेज और अस्पताल (जीएमसीएच) में सेक्टर 32 ईएनटी विभाग के प्रमुख, राष्ट्रीय चिकित्सा विज्ञान अकादमी नई दिल्ली के प्रोफेसर अर्जुन दास को फेलोशिप के लिए चुना गया है।",63.1275904413379,"सरकारी चिकित्सा कॉलेज और अस्पताल (जीएमसीएच) में, सेक्टर 32 एनटी डिपार्टमेंट प्रमुख, राष्ट्रीय चिकित्सा विज्ञान अकादमी नई दिल्ली के प्रोफेसर अर्जुनदास को छात्रवृत्ति के लिए चुना गया है।",48.58689386770627,"गवर्नमेंट मेडिकल कॉलेज एंड हॉस्पिटल (जीएमसीएच), सेक्टर 32 ईएनटी विभाग के प्रमुख, नेशनल एकेडमी ऑफ मेडिकल साइंसेज नई दिल्ली के प्रोफेसर अर्जुन दास को फेलोशिप के लिए चुना गया है।",78.84343492095427,52.31972476372128,31,21-35
Due to this the number of cases of code violation have declined.,इससे इसके उल्लंघन के मामलों में भी कमी आ रही है।,इस कारण कोड उल्लंघन के मामलों की संख्या कम हुई है.,43.92471051707697,इसके कारण कोड उल्लंघन के मामलों की संख्या में कमी आई है।,48.889430701925235,इस कारण कोड उल्लंघन के मामलों की संख्या कम हो गई है।,44.55259669294674,इससे आचार संहिता उल्लंघन के मामलों में गिरावट आयी है.,49.39522815749067,46.6904915173599,12,11-20
"By silencing the media, politicians know they can do whatever they like with impunity.",मीडिया का मुह बंद करने के द्वारा राजनेता जानते हैं कि वे अपनी मनमानी कर सकते हैं।,"मीडिया का विरोध करने के द्वारा, राजनीतिज्ञ जानते हैं कि वे जो कुछ भी कर सकते हैं वह दण्ड के साथ किया जा सकता है.",46.9756326927973,मीडिया को चुप कराने से राजनेता जानते हैं कि वे जो चाहें कर सकते हैं।,53.53871809865835,"मीडिया को चुप करके, राजनीतिज्ञ जानते हैं कि वे impunity के साथ जो भी कर सकते हैं।",47.81610849210739,"मीडिया को चुप कराने से, राजनेता जानते हैं कि वे जो चाहें कर सकते हैं।",53.70003904945717,50.50762458325505,14,11-20
They had searched frantically for their missing dog and posted appeals on social networking sites after she had ran into the quarry following the minor accident.,"एक छोटी दुर्घटना के बाद उसके भाग जाने के पश्चात उन्होंने अपने खोये हुए कुत्ते के लिए पागलों की तरह खोज की थी, तथा सोशल नेटवर्किंग साइट्स पर अपील पोस्ट की हुई थी।",उन्होंने अपने लापता कुत्ते की खोज की थी और जब वह छोटी - सी दुर्घटना में भाग गयी तब सोशल नेटवर्क साइटों पर उन्हें आकर्षित किया था ।,39.61379723985819,उन्होंने अपने गुमशुदा कुत्ते की बेसब्री से तलाश की थी और छोटी दुर्घटना के बाद वह चट्टान में भागने के बाद सोशल नेटवर्किंग साइट्स पर अपीलें पोस्ट की थीं।,56.86219704486556,"वे अपने गायब कुत्ते के लिए भयभीत रूप से खोज कर रहे थे और सामाजिक नेटवर्किंग साइटों पर अपीलें डाली थीं, जबकि वह छोटी दुर्घटना के बाद खनन में फंस गई थी।",45.89542033385357,उन्होंने अपने लापता कुत्ते की बहुत तलाश की थी और एक मामूली दुर्घटना के बाद खदान में भाग जाने के बाद सोशल नेटवर्किंग साइटों पर अपील पोस्ट की थी।,56.54175175398015,49.72829159313937,26,21-35
"For two weeks, there have been almost daily reports of clashes between government forces and Renamo, some of the worst skirmishes since a peace deal more than 20 years ago.","दो हफ्तों के लिए सरकारी फौजों तथा रे नमो के बीच संघर्ष लगभग प्रतिदिन रिपोर्ट किया गया है,एक शांति समझौते के 20 से अधिक साल पहले बाद से.",दो हफ्ते से लेकर आज तक सरकार और रनामो के बीच लगभग झगड़े हुए हैं ।,12.807733616907026,"दो सप्ताह से, सरकारी बलों और रेनामो के बीच झड़पों की लगभग दैनिक रिपोर्टें आ रही हैं, 20 से अधिक वर्षों से शांति समझौते के बाद से कुछ सबसे खराब झड़पें।",41.497612625698295,"दो हफ्तों से सरकार के बलों और रेनामो के बीच झगड़े के बारे में लगभग दैनिक रिपोर्टें मिलती रही हैं, जो बीस साल से अधिक पहले शांति समझौते के बाद हुए कुछ सबसे बदतर झगड़े हैं।",38.90806773542204,"दो सप्ताह से, सरकारी बलों और रेनामो के बीच झड़पों की लगभग दैनिक रिपोर्टें आ रही हैं, जो 20 साल से भी अधिक समय पहले हुए शांति समझौते के बाद से सबसे खराब झड़पों में से कुछ हैं।",36.701021804475225,32.478608945625645,30,21-35
"In tests, vaccinated mice who were subsequently given nicotine continued with their normal activity.","परीक्षण में, वैक्सीन दिये गये चूहे जिन्हें कि बाद में निकोटीन दिया गया, वे अपनी सामान्य क्रियाकलाप करते रहे।","फिर भी, कुछ ही समय बाद, उसे बिना खमीर के निकाला जाता था ।",3.296677205451081,"परीक्षणों में, टीका लगाए गए चूहे जिन्हें बाद में निकोटीन दिया गया, उन्होंने अपनी सामान्य गतिविधि जारी रखी।",57.02186827664541,"परीक्षणों में, जो टीकाकृत चूहों को बाद में निकोटिन दिया गया था, उनका सामान्य क्रियाकलाप जारी रहा.",50.068956752814806,"परीक्षणों में, टीका लगाए गए चूहे जिन्हें बाद में निकोटीन दिया गया, उनकी सामान्य गतिविधि जारी रही।",52.46191804212857,40.71235506925997,14,11-20
Foreign athletes will perform gymnastics.,विदेशी कलाकार जिम्नास्टिक का प्रदर्शन करेंगे।,विदेश के खिलाड़ी खेल - कूद का काम करेंगे ।,29.82108706493638,विदेशी एथलीट जिम्नास्टिक करेंगे।,50.362049232680235,विदेशी खेलकूदियों ने जिम्मेंस्टिक्स का प्रदर्शन किया होगा।,43.18802508293348,विदेशी एथलीट जिम्नास्टिक का प्रदर्शन करेंगे.,78.3748513563039,50.4365031842135,5,1-5
But more likely it would be used by smokers to quit.,लेकिन संभवतः इसका प्रयोग धूम्रपान करने वाले व्यक्तियों द्वारा धूम्रपान छोड़ने के लिए प्रयोग किया जायेगा।,लेकिन शायद धूम्रपान करने के लिए इसे छोड़ने के द्वारा ज़्यादा इस्तेमाल किया जाए ।,39.746401149519585,लेकिन अधिक संभावना है कि धूम्रपान छोड़ने के लिए धूम्रपान करने वालों द्वारा इसका उपयोग किया जाएगा।,61.58413913682838,लेकिन धूम्रपान करने वालों द्वारा इसे छोड़ने के लिए अधिक संभव है।,36.076908834220035,लेकिन अधिक संभावना यह है कि धूम्रपान करने वाले इसका उपयोग छोड़ने के लिए करेंगे।,38.64334779138618,44.01269922798855,11,11-20
"However, in this regard, when the Kashmir IGP, Abdul Gani Meer, was contacted he denied any knowledge of the issue and said that it was a sensitive issue.","अलबत्ता, इस संदर्भ में जब कश्मीर के आइजीपी अब्दुल गनी मीर से संपर्क किया गया तो उन्होंने इस मामले की जानकारी से इन्कार करते हुए कहा कि यह संवेदनशील मामला है।","फिर भी, इस मामले में, जब हायरमीर इग्नी मेर, तिस्टनी मेर से संपर्क किया गया, उसने वाद - विषय के बारे में किसी भी ज्ञान से इनकार कर दिया और कहा कि यह एक संवेदनशील वाद - विषय था ।",38.62112141634464,"हालांकि, इस संबंध में जब कश्मीर के आईजीपी अब्दुल गनी मीर से संपर्क किया गया तो उन्होंने इस मुद्दे के बारे में किसी भी जानकारी से इनकार करते हुए कहा कि यह एक संवेदनशील मुद्दा है।",70.08195345838924,"तथापि, इस संबंध में जब कश्मीर के आईजीपी अब्दुल गनी मीर से संपर्क किया गया तो उन्होंने इस मुद्दे के बारे में कोई जानकारी नहीं दी और कहा कि यह एक संवेदनशील विषय है।",65.40869662004316,"हालांकि, इस संबंध में जब कश्मीर के आईजीपी अब्दुल गनी मीर से संपर्क किया गया तो उन्होंने इस मामले की जानकारी होने से इनकार किया और कहा कि यह एक संवेदनशील मुद्दा है.",72.88204698003473,61.74845461870294,28,21-35
"The departmental officials said that the students enrolled in 2012 have completed one year, so taking legal advice is necessary.","विभागीय अधिकारियों का कहना है कि वर्ष 2012 में प्रवेश लेने वाले छात्रों को एक साल हो चुका है, इसीलिए इस मामले में कानूनी सलाह लेना जरूरी है।","विभाग के अधिकारियों ने कहा कि सन्‌ 2012 में विद्यार्थियों ने एक साल पूरे कर लिए हैं, इसलिए कानूनी सलाह लेना ज़रूरी है ।",43.02808540547712,"विभाग के अधिकारियों ने कहा कि 2012 में दाखिला लेने वाले छात्रों ने एक वर्ष पूरा कर लिया है, इसलिए कानूनी सलाह लेना आवश्यक है।",52.29931122839005,"विभागीय अधिकारियों ने कहा कि 2012 में नामांकित विद्यार्थियों ने एक वर्ष पूरा कर लिया है, इसलिए कानूनी सलाह लेना आवश्यक है।",45.470124551853104,"विभागीय अधिकारियों ने बताया कि 2012 में नामांकित छात्रों को एक वर्ष पूरा हो चुका है, इसलिए कानूनी सलाह लेना जरूरी है.",60.17441444734848,50.24298390826719,20,11-20
Chief Minister Nitish Kumar has accused the BJP of spoiling the atmosphere.,राज्य के मुख्यमंत्री नीतीश कुमार का आरोप है कि बीजेपी माहौल को बिगाड़ने में लगी है।,मुख्य मंत्री नीत कुमार ने वायुमंडल को लूटने पर आरोप लगाया है.,33.57218883365872,मुख्यमंत्री नीतीश कुमार ने भाजपा पर माहौल बिगाड़ने का आरोप लगाया है।,55.056612381438185,मुख्यमंत्री नितीश कुमार ने भाजपा को वातावरण को खराब करने का आरोप लगाया है।,40.56968808968959,मुख्यमंत्री नीतीश कुमार ने बीजेपी पर माहौल खराब करने का आरोप लगाया है.,52.58242318568935,45.445228122618964,12,11-20
"Since Scotland isn't in the Schengen area now, continued non-compliance would be a cheap concession for Brussels to offer up in return for whatever it really wanted out of the Scots.","चूंकि अब स्कॉटलैंड शेंगेन क्षेत्र नहीं है, इसलिए ब्रसेल्स वास्तव में स्कॉटलैंड से जो भी चाहता है, उसे प्राप्त करने के बदले में सतत गैर-अनुपालन ब्रसेल्स के लिए सस्ती छूट होगी।","क्योंकि स्कॉट स्केगन क्षेत्र में अब नहीं है, जारी गैर-वरशासितता के लिए एक भारी छूट होगी... ... वापस लौटने के लिए जो कुछ भी यह वास्तव में स्क्रैच्स से बाहर चाहता था.",38.84185553920808,"चूंकि स्कॉटलैंड अब शेंगेन क्षेत्र में नहीं है, इसलिए अनुपालन की निरंतरता ब्रसेल्स के लिए स्कॉट्स से जो कुछ भी वह वास्तव में चाहता था उसके बदले में पेशकश करने के लिए एक सस्ती छूट होगी।",64.41156505793829,"चूंकि स्कॉटलैंड अब schengen क्षेत्र में नहीं है, इसलिए अनुपालन की निरंतर अवहेलना ब्रुसेल्स के लिए सस्ता रियायत होगी, जो वह स्कॉटलैंड से जो कुछ चाहता है उसके बदले में दे सकता है।",55.461589299065814,"चूंकि स्कॉटलैंड अब शेंगेन क्षेत्र में नहीं है, इसलिए निरंतर गैर-अनुपालन ब्रुसेल्स के लिए एक सस्ती रियायत होगी जो वह वास्तव में स्कॉट्स से जो कुछ भी चाहता है उसके बदले में पेशकश कर सकता है।",62.43100220322769,55.28650302485997,31,21-35
Peter Hughes was in Paddy's Bar where a suicide bomber detonated a backpack loaded with explosives just 20 seconds earlier.,"पीटर ह्यूगेस, आत्मघाती हमलावरों द्वारा विस्फोटक सामग्री से भरे बैगपैक का ठीक 20 सेकेंड पहले विस्फोट किए जाने के समय पैडीज बार में थे।","पीटर ह्‍यूगनॉट्‌स बार में था, जहां एक आत्महत्या बम विस्फोट के साथ एक पीठ खाली बैग अभी 20 सेकंड पहले लोड किया गया था.",31.744832287116967,पीटर ह्यूज पैडी के बार में थे जहां एक आत्मघाती हमलावर ने विस्फोटक पदार्थों से भरा एक बैग 20 सेकंड पहले ही विस्फोट कर दिया था।,53.7630865203042,पीटर ह्यूज पैडी के बार में थे जहां एक आत्मघाती बमवर्षक ने केवल 20 सेकंड पहले विस्फोटकों से भरे बैक को विस्फोटक से भरा था.,53.26335080193817,"पीटर ह्यूज पैडीज़ बार में थे, जहां सिर्फ 20 सेकंड पहले एक आत्मघाती हमलावर ने विस्फोटकों से भरे एक बैकपैक में विस्फोट कर दिया।",55.004385024666135,48.44391365850637,20,11-20
"The third son of Hirachand Govaradhandas Ambani, who worked as a teacher in a school in Coravada, a small village in Gujarat, Dhirubhai Ambani was born on December 28th, 1932.",गुजरात के एक छोटे से गांव चोरवाड के एक स्कूल में शिक्षक के पद पर पदस्थ हीराचंद गोवरधनदास अंबानी के तीसरे बेटे धीरूभाई अंबानी का जन्म 28 दिसंबर 1932 को हुआ।,"आम तौर पर, यह एक छोटा - सा गाँव था, जो 28 दिसंबर, 1932 की बात है ।",7.702585816937114,गुजरात के एक छोटे से गांव कोरावाड़ा में एक स्कूल में शिक्षक के रूप में काम करने वाले हीराचंद गोवर्धनंद अंबानी के तीसरे बेटे धिरूभाई अंबानी का जन्म 28 दिसंबर 1932 को हुआ था।,71.33943977748552,"गुजरात के एक छोटे-छोटे गांव कोरावाड़ा में एक स्कूल में शिक्षक के रूप में काम करने वाले हिरचन्द गोवरधनदास अंबनी का तीसरा बेटा, तिरूबी अंबनी, 28 दिसम्बर 1932 को जन्मा।",52.25305604820282,"गुजरात के एक छोटे से गाँव कोरावाड़ा के एक स्कूल में शिक्षक के रूप में काम करने वाले हीराचंद गोवर्धनदास अंबानी के तीसरे बेटे धीरूभाई अंबानी का जन्म 28 दिसंबर, 1932 को हुआ था।",74.38783489944971,51.4207291355188,30,21-35
"The cardinals will also be the first to be chosen since Francis formed the Council of Cardinals, a group of eight cardinals from around the world tasked with looking into ways to reform the church.","फ्रांसिस द्वारा कार्डिनल्स परिषद - जो दुनिया भर से आठ कार्डिनल्स का समूह होता है, जिनका कार्य चर्च के सुधार के तरीके तलाशना होता है, गठित किए जाने के पश्चात चुने जाने वाले ये पहले कार्डिनल्स भी होंगे।","इसके अलावा, कार्डिनलों को सबसे पहला चुना जाएगा क्योंकि उन्होंने कार्डिनलों के परिषद्‌ को स्थापित किया था ।",16.761900501382293,"फ्रांसिस ने कार्डिनलों की परिषद की स्थापना के बाद से पहले कार्डिनल चुने जाएंगे, जो दुनिया भर के आठ कार्डिनलों का एक समूह है, जिन्हें चर्च को सुधारने के तरीकों की तलाश करने का काम सौंपा गया है।",52.68484474536091,फ्रांसिस ने चारों ओर से चारों ओर से चारों ओर से चारों ओर से चारों ओर से चारों ओर से चारों ओर से चारों ओर से चारों ओर से चारों ओर से चारों ओर से चारों ओर से चारों ओर से चारों ओर से चारों ओर से चारों ओर से चारों ओर से चारों ओर से चारों ओर से चारों ओर से चारों ओर से चारों ओर से चारों ओर से चारों ओर से चारों ओर से चारों ओर से चारों ओर से चारों ओर से चारों ओर से चारों ओर से चारों ओर से चारों ओर से चारों ओर से चारों ओर से चारों ओर से चारों ओर से चारों ओर से चारों ओर से चारों ओर से चारों ओर से चारों ओर से चारों ओर से चारों ओर से चारों ओर से चारों ओर से चारों ओर से चारों ओर से चारों ओर से चारों ओर से चारों ओर से चारों ओर से चारों ओर से चारों ओर से चारों ओर से चारों ओर से चारों ओर से चारों ओर से चारों ओर से चारों ओर से चारों ओर से चारों ओर से चारों ओर से चारों ओर से चारों ओर से चारों ओर से चारों ओर से चारों ओर से चारों ओर से चारों ओर से चारों ओर से चारों ओर से चारों ओर से चारों ओर से चारों ओर से चारों ओर से चारों ओर से चारों ओर से चारों ओर से चारों ओर से चारों ओर से चारों ओर से चारों ओर से चारों ओर से चारों ओर से चारों ओर से चारों ओर से चारों ओर से चारों ओर से चारों ओर से चारों ओर से चारों ओर से चारों ओर से चारों ओर से चारों ओर से चारों ओर से चारों ओर से चारों ओर से चारों ओर से चारों ओर से चारों ओर से चारों ओर से चारों ओर से चारों ओर से चारों ओर से चारों ओर से चारों ओर से चारों ओर से चारों ओर से चारों ओर से चारों ओर से चारों ओर से चारों ओर से चारों ओर से चारों ओर से चारों ओर से चारों ओर से चारों ओर से चारों ओर से चारों ओर से चारों ओर से चारों ओर से चारों ओर से चारों ओर से चारों ओर से चारों ओर से चारों ओर से चारों,1.234888205834756,"कार्डिनल भी चुने जाने वाले पहले व्यक्ति होंगे क्योंकि फ्रांसिस ने कार्डिनल्स काउंसिल का गठन किया था, दुनिया भर के आठ कार्डिनल्स का एक समूह जिसे चर्च में सुधार के तरीकों पर विचार करने का काम सौंपा गया था।",53.2612200596092,30.98571337804679,35,21-35
No report was filed until the news was reported.,समाचार लिखे जाने तक मामले में कोई रिपोर्ट दर्ज नहीं हो सकी थी।,समाचार रिपोर्ट किए जाने तक कोई रिपोर्ट फ़ाइल नहीं की गई.,44.33199337753963,जब तक खबर नहीं आई तब तक कोई रिपोर्ट दर्ज नहीं की गई।,39.42207889806106,समाचार तक कोई रिपोर्ट नहीं दी गई।,27.171064872451932,समाचार लिखे जाने तक कोई रिपोर्ट दर्ज नहीं हुई थी।,67.45261702182037,44.594438542468254,9,6-10
Because of this people leaving the office had to spend hours in traffic jams on their way home.,हालांकि आफिस से घर के लिए निकले लोगों घर पहुंचने के लिए घंटों जाम में बिताने पड़े।,इसलिए उन लोगों को अपने घर पर ट्रैफिक जाम में घंटों बिताने पड़े ।,40.54300742468242,इस वजह से कार्यालय छोड़ने वाले लोगों को घर लौटते समय घंटों ट्रैफिक जाम में रहना पड़ता था।,27.287166250904896,इस वजह से कार्यालय छोड़ने वाले लोगों को घर जाने के रास्ते में यातायात की गड़बड़ी में कई घंटे लग जाते थे।,18.809100708619823,इसकी वजह से ऑफिस से निकलने वाले लोगों को घर जाने के लिए घंटों ट्रैफिक जाम में रहना पड़ा।,45.2767751757125,32.979012389979914,18,11-20
"During the swearing in ceremony as well as Chief Minister Modi, BJP senior leaders Amit Shah, Purushottam Rupala and a large number of activists were also present.","शपथ विधि के दौरान मुख्मयंत्री मोदी के अलावा बीजेपी के वरिष्ठ नेता अमित शाह, परषोत्तम रूपाला सहित बड़ी संख्या में कार्यकर्ता भी उपस्थित थे।","समारोह के दौरान और मुख्य मंत्री मोपी, बीपीसी, बीपीसी के बड़े नेता, सर्‌ममुला और बहुत से कार्यकर्ता भी उपस्थित थे ।",38.71244931295864,"शपथ ग्रहण समारोह के दौरान मुख्यमंत्री मोदी, भाजपा के वरिष्ठ नेता अमित शाह, पुरुषोत्तम रूपाला और बड़ी संख्या में कार्यकर्ता भी मौजूद थे।",66.23303123831016,"शपथ ग्रहण समारोह में मुख्य मंत्री மோடி, भाजपा के वरिष्ठ नेताओं अमिताभ शाह, पुरूषोत्तम रुपाल और बहुत से कार्यकर्ताओं के साथ भी उपस्थित थे।",49.02657165763139,"शपथ ग्रहण समारोह के दौरान मुख्यमंत्री मोदी के साथ-साथ बीजेपी के वरिष्ठ नेता अमित शाह, पुरूषोत्तम रूपाला और बड़ी संख्या में कार्यकर्ता भी मौजूद रहे.",67.72191734864384,55.42349238938601,27,21-35
"It's hard to remember those days of optimism -- they seem a distant memory, a sad reminder of opportunities gone by.","उम्मीद के उन दिनों को याद करना कठिन है - वे एक दूर की याद प्रतीत होते हैं, खो चुके अवसरों की एक दुखद याद।","यह आशावादीता के उन दिनों को याद करना मुश्किल है - वे एक दूर स्मरण, अवसरों द्वारा चला गया दुखद अनुस्मारक.",45.2979622087612,"उन आशावाद के दिनों को याद करना मुश्किल है -- वे दूर की यादें लगती हैं, अतीत के अवसरों की दुखद यादें।",53.34912336670894,"आशावाद के उन दिनों को याद करना कठिन है-उन्हें एक दूरस्थ स्मृति प्रतीत होती है, बीत गए अवसरों की दुखद याद दिलाती है।",55.821616249188914,"आशावाद के उन दिनों को याद करना कठिन है - वे एक दूर की स्मृति लगते हैं, बीते हुए अवसरों की दुखद याद दिलाते हैं।",63.02734666942724,54.37401212352157,21,21-35
"""Possibly,"" Martin replied.","""संभवतः,"" मार्टिन ने कहा।",मार्टिन ने कहा।,50.041992036057025,"""शायद"", मार्टिन ने जवाब दिया।",36.96752054569686,"” शायद, ” मार्टिन ने उत्तर दिया।",34.20941751050785,"""संभवतः,"" मार्टिन ने उत्तर दिया।",64.75445426291287,46.49334608879365,3,1-5
Thoughts of lying to anyone and theft or cheating someone do not enter our heads.,किसी से झूठ नहीं बोलते और चोरी करने या धोखा देने जैसा ख्याल मन में नहीं आता।,किसी के साथ झूठ बोलने और चोरी करने के विचार या किसी को धोखा देने के विचार हमारे सिर में प्रवेश नहीं करते ।,33.242355217051696,"किसी को झूठ बोलने, चोरी करने या धोखा देने के विचार हमारे दिमाग में नहीं आते।",52.07859846849526,किसी को झुठलाने और चोरी या किसी को धोखा देने के विचार हमारे दिमाग में नहीं आते।,41.4283976163852,"किसी से झूठ बोलने, चोरी करने या किसी को धोखा देने के विचार हमारे मन में नहीं आते।",55.91987353509932,45.667306209257866,15,11-20
Bird airlifted to safety from North Sea rig released back into wild,नॉर्थ सी रिग से सुरक्षा के लिए पक्षी को हवाई परिवहन द्वारा वापस जंगल में छोड़ा गया,उत्तर सागर की गर्मी से सुरक्षा पाने के लिए पक्षी फिर से जंगली बन गए,33.47444630447848,उत्तरी सागर की रिंग से हवा से सुरक्षित स्थान पर ले जाया गया पक्षी वापस जंगली में छोड़ दिया गया,40.991951174101985,उत्तरी समुद्री रिग से सुरक्षित उड़ान उड़ाने वाले पक्षी को जंगल में छोड़ दिया गया।,48.04404665997064,पक्षी को उत्तरी सागर रिग से सुरक्षा के लिए हवाई मार्ग से लाया गया और वापस जंगल में छोड़ दिया गया,55.96941069598995,44.61996370863526,12,11-20
He admitted cocaine possession at an earlier hearing.,उसने पहले की सुनवाई में कोकेन रखने के बारे में स्वीकार किया था।,उसने कोकीन कोस को पहले एक कान में स्वीकार किया ।,40.39446544084989,उन्होंने पहले की सुनवाई में कोकीन के कब्जे को स्वीकार किया था।,66.87403049764218,उसने एक पूर्व सुनवाई में कोकेन का कब्जा स्वीकार किया।,52.269693832267436,उन्होंने पिछली सुनवाई में कोकीन रखने की बात स्वीकार की थी।,52.40044553154711,52.98465882557666,8,6-10
I call upon the Political pundits and economists.,"देश के राजनीतिक पंडितों, अर्थशास्त्रियों का आह्वान करता हूं।",मैं राजनीतिक plaunds और आरोपियों को फोन करते हैं.,25.90925762040704,मैं राजनीतिक जानकारों और अर्थशास्त्रियों से अपील करता हूं।,57.96334303039163,मैं राजनीतिक विशेषज्ञों और अर्थशास्त्रियों को बुलाता हूं।,54.31428484743097,मैं राजनीतिक पंडितों और अर्थशास्त्रियों का आह्वान करता हूं।,85.08832901029045,55.81880362713002,8,6-10
"General Motors Co is recalling nearly 19,000 of its all-new 2014 Chevrolet Silverado and GMC Sierra pickup trucks to repair a problem with the manual reclining seatback, according to a notice from U.S. auto safety regulators on Friday.","शुक्रवार को यू.एस. ऑटो सुरक्षा विनियामकों की ओर से एक सूचना के अनुसार जनरल मोटर्स कम्पनी, अपने बिलकुल नये 2014 शेवरले सिल्वरैडो तथा जी.एम.सी. सीरा पिकअप ट्रक्स में हाथ से घुमाने वाली सीटबैक में एक कमी को सही करने के लिए लगभग 19,000 ट्रकों को वापस बुलाया है।",जनरल कार कोश अपने सभी नए 2014 कपवाडो और GMCLLLL गाड़ी ले जाने के लिए एक समस्या के बारे में याद कर रहा है। यू.एस.एस. एफ. वी.,10.554004253300405,"जनरल मोटर्स कंपनी अपने सभी नए 2014 चेवरलेट सिल्वरैडो और जीएमसी सिएरा पिकअप ट्रकों में से लगभग 19,000 को वापस बुला रही है, शुक्रवार को अमेरिकी ऑटो सुरक्षा नियामकों के एक नोटिस के अनुसार, मैनुअल reclining सीटबैक के साथ एक समस्या को ठीक करने के लिए।",54.60585482562181,"जेनेल मोटर्स कंपनी अपने 2014 Chevrolet Silverado और GMC Sierra पिकअप ट्रकों में से लगभग 19.000 वापस ले रही है ताकि अमेरिका के ऑटो सुरक्षा विनियामकों से Cuma को एक नोटिस के अनुसार, हाथ से reclining सीटबैक के साथ एक समस्या को ठीक कर सकें.",38.175085105277915,"शुक्रवार को अमेरिकी ऑटो सुरक्षा नियामकों के एक नोटिस के अनुसार, जनरल मोटर्स कंपनी मैनुअल रिक्लाइनिंग सीटबैक की समस्या को ठीक करने के लिए अपने सभी नए 2014 शेवरले सिल्वरैडो और जीएमसी सिएरा पिकअप ट्रकों में से लगभग 19,000 को वापस बुला रही है।",56.585670454339976,39.98015365963502,38,35+
"Citing the Pakistan tour of the separatist the BJP leader said that the ISI chief, Lt. Gen Zaheer-ul-Islam, Lashkar, Hizb chief's Hafeez Sayeed and Saiyad Sallahuddin have predicted a rise in terrorism in 2014.","गत वर्ष अलगाववादियों के पाकिस्तानी दौरे का हवाला देते हुए भाजपा नेता कहा कि आइएसआइ चीफ लेफ्टिनेंट जनरल जहीर उल इस्लाम, लश्कर, हिज्ब के सरगना हफीज सईद व सईद सलाहुदीन ने विश्वास दिलाया था कि 2014 में आतंकवाद को हवा दी जाएगी।","पाकिस्तान के दौरे के बारे में BJP नेता का उल्लेख करते हुए कहा कि मैं प्रमुख हूँ, Let. aler-t, Lhrer-phpher-pher-, schhhpher'd प्रधान ने कहा है कि 2014 में आतंकवाद में एक उदय की भविष्यवाणी की है.",25.703174818434487,"अलगाववादी के पाकिस्तान दौरे का हवाला देते हुए भाजपा नेता ने कहा कि आईएसआई प्रमुख, लेफ्टिनेंट जनरल ज़हीर-उल-इस्लाम, लश्कर, हिज्ब प्रमुख हाफिज सैयद और सैयद सलाहुद्दीन ने 2014 में आतंकवाद में वृद्धि की भविष्यवाणी की है।",60.54488188472565,"separatist के पाकिस्तान दौरे को उद्धृत करते हुए भाजपा नेता ने कहा कि आई. एस. आई. प्रमुख, लेफ्टिनेंट जनरल जाहिर-उल-इस्लाम, लाशकर, हिजबुद प्रमुख हाफेज सईद और सैयद सलहुद्दीन ने 2014 में आतंकवाद में वृद्धि की भविष्यवाणी की है।",46.33382327249551,"अलगाववादियों के पाकिस्तान दौरे का हवाला देते हुए बीजेपी नेता ने कहा कि आईएसआई प्रमुख लेफ्टिनेंट जनरल जहीर-उल-इस्लाम, लश्कर, हिज्ब प्रमुख हाफिज सईद और सैयद सल्लाहुद्दीन ने 2014 में आतंकवाद बढ़ने की भविष्यवाणी की है.",61.06690531944088,48.412196323774126,34,21-35
The festive atmosphere has resulted in large crowds in the major markets several times during the day.,वहीं त्योहारी माहौल होने से प्रमुख बाजारों में दिन में कई बार जाम की स्थिति बन गई।,दिन के दौरान कई बार बड़े - बड़े बाजारों में बड़ी तादाद में लोगों को इकट्ठा किया जाता है ।,26.301128387083292,उत्सव का माहौल दिन के दौरान कई बार प्रमुख बाजारों में भारी भीड़ का कारण बना है।,41.33494099094625,उत्सवमय वातावरण के कारण दिन में कई बार बड़े बाजारों में बड़ी भीड़ होती है।,34.4824335868416,त्योहारी माहौल के कारण दिन में कई बार प्रमुख बाजारों में भारी भीड़ उमड़ी।,56.92185861082269,39.760090393923456,17,11-20
The suit to block the law was brought by 26 states and the National Federation of Independent Business.,"इस कानून को रोकने लिए 26 राज्यों, तथा राष्ट्रीय स्वतंत्र व्यवसाय महासंघ द्वारा यह याचिका लायी गई थी।",कानून को ब्लॉक करने के लिए 26 राज्यों और स्वतंत्र व्यापार के राष्ट्रीय फेडरेशन द्वारा लाया गया था.,53.31245308435942,कानून को अवरुद्ध करने के लिए 26 राज्यों और राष्ट्रीय स्वतंत्र व्यापार संघ द्वारा मुकदमा दायर किया गया था।,55.74259023455309,इस कानून को रोकने के लिए 26 राज्यों और राष्ट्रीय स्वतंत्र व्यापार संघ ने मुकदमा चलाया।,57.93926707645061,कानून को अवरुद्ध करने का मुकदमा 26 राज्यों और नेशनल फेडरेशन ऑफ इंडिपेंडेंट बिजनेस द्वारा लाया गया था।,29.427161800829,49.10536804904803,18,11-20
Court blocks ruling on NYPD stop-and-frisk policy,कोर्ट ने न्यूयार्क पुलिस विभाग के विराम और क्रीड़ा नीति पर कार्रवाई को अवरोधित किया है,पोस्ट- ऑफ- ऑर्नेथ नीति पर कोर्ट ब्लॉक नियम,12.051299198424609,अदालत ने NYPD की स्टॉप-एंड-फ्रीज़ नीति पर फैसले को अवरुद्ध कर दिया,17.45028160653587,अदालत ने न्यूयार्क पुलिस की रुक-और-फ्रीस्क नीति पर निर्णय को रोक दिया है,40.19302621795583,न्यायालय ने NYPD की रोक-और-तलाशी नीति पर फैसले पर रोक लगा दी,11.974917398469657,20.417381105346493,7,6-10
"Meanwhile, Google, Yahoo, Microsoft, Apple, AOL and Facebook, disturbed by the revelation of the NSA's Internet surveillance program, have supported this bill.","इस बीच, एनएसए के इंटरनेट निगरानी कार्यक्रम का खुलासा होने से नाराज गूगल, याहू, माइक्रोसाफ्ट, एप्पल, एओएल और फेसबुक ने इस विधेयक का समर्थन किया है।","इस बीच, गूगल, याहू, एप्सिल, एप्पल और फेसबुक, एनएसएएस इंटरनेट निगरानी कार्यक्रम के प्रकट द्वारा परेशान, इस बिल का समर्थन किया है.",58.50797323199309,"इस बीच, गूगल, याहू, माइक्रोसॉफ्ट, एप्पल, एओएल और फेसबुक ने एनएसए के इंटरनेट निगरानी कार्यक्रम के खुलासे से परेशान होकर इस विधेयक का समर्थन किया है।",83.44104850660462,"इस बीच, गूगल, याहू, माइक्रोसॉफ्ट, एप्पल, एओएल और फेसबूक ने, एनएसए के इंटरनेट पर्यवेक्षण कार्यक्रम के खुलासा से चिंतित होकर इस विधेयक को समर्थन दिया है।",68.74800629798041,"इस बीच, एनएसए के इंटरनेट निगरानी कार्यक्रम के खुलासे से परेशान गूगल, याहू, माइक्रोसॉफ्ट, एप्पल, एओएल और फेसबुक ने इस बिल का समर्थन किया है।",80.18646738634637,72.72087385573111,22,21-35
But she is fine now.,लेकिन अब वह अच्छी है।,लेकिन वह अब ठीक है.,34.24509700937533,लेकिन वह अब ठीक है।,38.04561083573422,लेकिन अब वह ठीक है।,57.81682559080759,लेकिन वह अब ठीक हैं.,34.20788649214953,41.078854982016665,5,1-5
A chemical named sodium hydro-sulphate is used to make the chum chum shiny and more lasting.,चमचम चमकने व ज्यादा दिन तक टिके रहने के लिए सोडियम हाइड्रोसल्फाइट नामक रसायन का इस्तेमाल किया गया था।,इस प्रक्रिया में एक रासायनिक रसायन का प्रयोग होता है जो क्लोम क्लोरीन और ज़्यादा स्थायी बनाने के लिए.,27.901850154724077,चाम चाम को चमकदार और अधिक टिकाऊ बनाने के लिए सोडियम हाइड्रो सल्फेट नामक एक रसायन का उपयोग किया जाता है।,52.027097555526424,चूम चूम को चमकीला और अधिक स्थायी बनाने के लिए सोडियम हाइड्रो-स्ल्फेट नामक रसायन का प्रयोग किया जाता है।,47.52820041295027,चम चम को चमकदार और अधिक टिकाऊ बनाने के लिए सोडियम हाइड्रो-सल्फेट नामक रसायन का उपयोग किया जाता है।,52.91770963983966,45.09371444076011,16,11-20
But when the government was formed by Congress or its supporters then the poor man could not get enough food.,लेकिन जब कांग्रेस की या उसके समर्थन वाली सरकार बनी तो गरीब आदमी को भरपेट खाना नसीब नहीं हुआ।,उस वक्‍त वह गरीब आदमी पर्याप्त भोजन नहीं पा रहा था ।,13.923067845506246,लेकिन जब कांग्रेस या उसके समर्थकों द्वारा सरकार बनाई गई तो गरीब आदमी को पर्याप्त भोजन नहीं मिल सका।,55.548025895512566,लेकिन जब कांग्रेस या उसके समर्थकों ने सरकार की स्थापना की तो गरीब आदमी को पर्याप्त भोजन नहीं मिल सका।,54.53558781747833,लेकिन जब सरकार कांग्रेस या उसके समर्थकों की बनी तो गरीब आदमी को भरपेट खाना नहीं मिल सका.,72.20977319447135,49.054113688242126,20,11-20
"To keep him alive, well, there's no reason to keep him alive.","उसे जिन्दा रखने का, देखिए, उसे जिन्दा रखने का कोई कारण नहीं है।","उसे जिंदा रखने के लिए, ठीक है, उसे जिंदा रखने के लिए कोई कारण नहीं है.",58.830410196620356,"उसे जीवित रखने के लिए, खैर, उसे जीवित रखने का कोई कारण नहीं है.",57.98843624224844,"उसे जीवित रखने के लिए, ठीक है, उसे जीवित रखने के लिए कोई कारण नहीं है।",49.849233692081434,"उसे जीवित रखने के लिए, ठीक है, उसे जीवित रखने का कोई कारण नहीं है।",58.48765412375524,56.28893356367637,12,11-20
I don't know if this is what I should have expected.,मुझे नहीं पता कि क्या मैने इसकी ही उम्मीद की थी।,मैं नहीं जानता कि क्या मैं उम्मीद करनी चाहिए थी.,46.50603995968451,मुझे नहीं पता कि क्या मुझे यही उम्मीद करनी चाहिए थी।,63.94220724268471,मैं नहीं जानता कि क्या यह है क्या मैं उम्मीद किया जाना चाहिए था।,34.75224130418378,मैं नहीं जानता कि क्या मुझे यही उम्मीद करनी चाहिए थी।,51.77290181508162,49.24334758040865,11,11-20
"""They worry about the risk of pregnancy or even how they will handle hygiene,"" said Kaplowitz.","कैप्लोविट़ज ने कहा, ""वे गर्भ के जोखिम के बारे में चिंता करते हैं, या फिर यह कि वे किस तरह से स्वच्छता बनाए रखेंगी।""","""वे गर्भावस्था के जोखिम के बारे में चिंता करते हैं या फिर वे साफ सफाई कैसे संभालेंगे,"" केपलोइस ने कहा.",49.982066880790185,"कप्लोविट्ज़ ने कहा, ""वे गर्भवती होने के जोखिम के बारे में या यहां तक कि स्वच्छता से निपटने के तरीके के बारे में चिंतित हैं।",52.17516022824839,"""उन्हें गर्भावस्था की जोखिम के बारे में चिंता है या वे स्वच्छता को कैसे संभालेंगे,""काप्लोविज ने कहा.",48.194711554505794,"कपलोविट्ज़ ने कहा, ""उन्हें गर्भावस्था के जोखिम या यहां तक ​​कि वे स्वच्छता को कैसे संभालेंगे, इसके बारे में चिंता है।""",48.26594590528066,49.654471142206255,16,11-20
"Miller said the direct connection to Bulgaria, a member of the European Union, means geopolitical risks associated with transit countries are eliminated ""forever.""","मिलर ने कहा कि यूरोपियन यूनियन के एक सदस्य बुल्गारिया तक एक सीधे कनेक्शन का मतलब है, पारगमन देशों के साथ जुड़े जुए भू-राजनीतिक जोखिमों का ""सदा के लिए"" समाप्त हो जाना।","MAPI ने बल्गारिया से सीधे कनेक्शन कहा, यूरोपीय संघ के एक सदस्य, इसका मतलब है परिवहन देशों से जुड़े जोखिम ""हमेशा के लिए"" नष्ट कर रहे हैं।",42.004108201814894,"मिलर ने कहा कि यूरोपीय संघ के सदस्य बुल्गारिया के साथ प्रत्यक्ष संबंध का मतलब है कि पारगमन देशों से जुड़े भू-राजनीतिक जोखिमों को ""शाश्वत"" के लिए समाप्त कर दिया गया है।",61.7109265104255,"मिलर ने कहा कि यूरोपीय संघ के एक सदस्य बुल्गारिया से प्रत्यक्ष संबंध का अर्थ है कि पारगमन देशों से जुड़े भूवैज्ञानिक जोखिमों को ""पूरब से"" समाप्त कर दिया जाएगा।",51.73503670954167,"मिलर ने कहा कि यूरोपीय संघ के सदस्य बुल्गारिया से सीधे संबंध का मतलब है कि पारगमन देशों से जुड़े भू-राजनीतिक जोखिम ""हमेशा के लिए"" समाप्त हो जाते हैं।",62.51729355033696,54.491841243029754,23,21-35
He appreciated the efforts of the Shri Hindu Nyaypeeth to make children aware of Sanatan Culture.,उन्होंने श्री हिंदू न्याय पीठ द्वारा बच्चों को सनातन संस्कृति से जोड़ने के प्रयास की प्रशंसा की।,उसने अपने बच्चों को सैन्‍न संस्कृति के बारे में अवगत कराने के लिए शैरी हिंदू न्याथ की कोशिशों का मूल्यांकन किया ।,36.899443503614414,उन्होंने बच्चों को सनातन संस्कृति के बारे में जागरूक करने के लिए श्री हिंदू नियापिथ के प्रयासों की सराहना की।,54.831290979371694,उन्होंने सनातन संस्कृति के बारे में बच्चों को जागरूक करने के लिए श्री हिन्दू नायपित के प्रयासों की सराहना की।,50.717475423269285,उन्होंने बच्चों को सनातन संस्कृति से अवगत कराने के श्री हिंदू न्यायपीठ के प्रयासों की सराहना की।,72.96906259068477,53.854318124235036,16,11-20
Police say they have a video that appears to show Mayor Rob Ford smoking a crack pipe.,पुलिस ने कहा कि उसके पास एक ऐसा वीडियो है जो मेयर रॉब फोर्ड को एक चटके हुए पाइप से धूम्रपान करने जैसा दिखाता है।,पुलिस का कहना है कि उनके पास एक ऐसा वीडियो है जो मेरार्ड को एक दरार पाइप दिखाने के लिए दिखाई देता है।,51.348222903755406,पुलिस का कहना है कि उनके पास एक वीडियो है जो मेयर रॉब फोर्ड को ड्रैग पाइप धूम्रपान करते हुए दिखाता है।,64.02350048564048,पुलिस का कहना है कि उनके पास एक वीडियो है जो मौर रोब फोर्ड को एक क्रैक पाइप धूम्रपान करने को दिखाता है.,58.178990424977165,पुलिस का कहना है कि उनके पास एक वीडियो है जिसमें मेयर रॉब फोर्ड को पाइप पीते हुए दिखाया गया है।,48.537568816881986,55.522070657813764,17,11-20
Nothing is more quintessentially Halloween than haunted houses.,कुछ भी और अधिक नहीं है तत्वमयी हैलोवीन भूतिया गृहो की तुलना मे।,कुछ भी नहीं है अशुभ रूप से महिमावान्‌ घरों से.,19.03344992116185,भूतों के घरों की तुलना में हैलोवीन में कुछ भी अधिक विशिष्ट नहीं है।,48.03528265751749,कोई भी चीज हालीवुमन से अधिक मुख्तलिफ़ नहीं है जितनी कि भगाने वाले घर।,17.693891064666108,प्रेतवाधित घरों से बढ़कर सर्वोत्कृष्ट हेलोवीन कुछ भी नहीं है।,27.252547120398106,28.00379269093589,8,6-10
"How the back of the plane is laid out - particularly whether seating is 9 or 10 abreast - is central to the economic performance claims being made for new ""mini-jumbo"" jet designs.",विमान का पिछला विभाग कैसे बनाया गया है- विशेष रूप से कि क्या सीटिंग 9 या 10 बराबर है अधिक क्षमता के दावो  को ध्यान मे रखते हुए  मिनी जंबो जेट्स के डिज़ाइन तैयार किए जा रहे है?,"कैसे विमान की पीठ बाहर रखा जाता है - विशेष रूप से है कि क्या बैठने 9 या 10 है - आर्थिक प्रदर्शन के लिए केंद्र है नए ""माइम्बो"" जेट विमानों के लिए बनाया जा रहा है।",33.612523249345394,"नए ""मिनी-जंबो"" जेट डिजाइनों के लिए किए जा रहे आर्थिक प्रदर्शन दावों के लिए विमान के पीछे की स्थिति - विशेष रूप से सीटें 9 या 10 समवर्ती हैं या नहीं - केंद्रीय है।",32.13104109499721,"नए ""मिनी-जुम्बो"" जेट डिजाइनों के लिए किए जा रहे आर्थिक निष्पादन दावे के लिए मुख्य है कि विमान की पीठ कैसे निर्धारित की जाती है-विशेष रूप से यह है कि बैठक 9 या 10 से आगे है या नहीं.",33.58519321559909,"विमान के पिछले हिस्से को किस तरह से तैयार किया गया है - खासकर कि क्या बैठने की जगह 9 या 10 के बराबर है - नए ""मिनी-जंबो"" जेट डिजाइनों के लिए किए जा रहे आर्थिक प्रदर्शन के दावों का केंद्र है।",41.092669532850344,35.10535677319801,33,21-35
True wealthy is the one which makes it possible for wealth to flow through numerous hands.,सच्चा धनवान वही है जो धन के असंख्य हाथों में बहने का मार्ग बनाए।,सच्चा धनी वह होता है जो बहुत - से हाथों से धन - दौलत कमाने के लिए संभव बनाता है ।,28.502196080157095,सच्चा धनवान वह है जो धन को कई हाथों से प्रवाह करने में सक्षम बनाता है।,44.99164258092822,सचमुच समृद्ध वह व्यक्ति है जो धन को अनेक हाथों से प्रवाहित करने में सक्षम बनाता है।,23.430296702204686,सच्चा धनवान वह है जो धन को असंख्य हाथों से प्रवाहित करना संभव बनाता है।,51.26271528994257,37.04671266330814,16,11-20
"As America's road planners struggle to find the cash to mend a crumbling highway system, many are beginning to see a solution in a little black box that fits neatly by the dashboard of your car.","जबकि अमेरिका के सड़क योजनाकार, ध्वस्त होते हुए हाईवे सिस्टम को सुधारने के लिए धन की कमी से जूझ रहे हैं, वहीं बहुत-से लोग इसका समाधान छोटे से ब्लैक बॉक्स में देख रहे हैं, जो आपकी कार के डैशबोर्ड पर सफ़ाई से फिट हो जाता है।","के रूप में अमेरिका के सड़क योजनार एक टूटी हुई सड़क प्रणाली को सुधारने के लिए नकदी को खोजने के लिए संघर्ष कर रहे हैं, कई एक छोटे से काले बॉक्स में एक समाधान देखने के लिए शुरू कर रहे हैं कि अपनी कार के माध्यम से फिट.",42.75575143327257,"जैसे-जैसे अमेरिका के सड़क नियोजकों को एक टूटी हुई राजमार्ग प्रणाली को ठीक करने के लिए नकदी खोजने के लिए संघर्ष करना पड़ता है, कई लोग एक छोटे से ब्लैक बॉक्स में एक समाधान देखना शुरू कर रहे हैं जो आपकी कार के डैशबोर्ड पर अच्छी तरह से फिट बैठता है।",45.230605414342335,"जैसे-जैसे अमरीका के सड़क योजनाकार एक टूटी हुई राजमार्ग प्रणाली को सुधारने के लिए नकदी ढूंढने में संघर्ष कर रहे हैं, कई लोग एक छोटी-सी काले बॉक्स में एक समाधान देखना शुरू कर रहे हैं जो आपके कार के dashboard के पास ठीक से फिट होता है।",43.005619185075716,"जैसे-जैसे अमेरिका के सड़क योजनाकार ढहती राजमार्ग व्यवस्था को सुधारने के लिए नकदी जुटाने के लिए संघर्ष कर रहे हैं, कई लोगों को एक छोटे से काले बॉक्स में एक समाधान दिखाई देने लगा है जो आपकी कार के डैशबोर्ड पर अच्छी तरह से फिट बैठता है।",50.36768801478251,45.33991601186828,36,35+
"Similarly in the UK, Flight Centre's leisure business performed well while corporate clients were spending less.","इसी प्रकार यू.के. में भी फ्लाइट सेन्टर के अवकाश व्यवसाय ने अच्छा प्रदर्शन किया, जबकि कॉरपोरेट क्लाइंट कम व्यय कर रहे थे।","उसी तरह UK में, उड़ान केंद्र का मनोरंजन अच्छी तरह से किया गया जबकि कर्मचारी ग्राहक कम खर्च कर रहे थे.",22.45446999657312,"इसी तरह यूके में, फ्लाइट सेंटर का अवकाश व्यवसाय अच्छा प्रदर्शन करता था जबकि कॉर्पोरेट ग्राहक कम खर्च कर रहे थे।",54.33835823808624,"इसी प्रकार ब्रिटेन में, फ्लाईट सेंटर के अवकाश व्यवसाय अच्छे ढंग से कार्य कर रहे थे जबकि कॉर्पोरेट ग्राहक कम खर्च करते थे।",51.58871576556352,"इसी तरह यूके में, फ़्लाइट सेंटर के अवकाश व्यवसाय ने अच्छा प्रदर्शन किया, जबकि कॉर्पोरेट ग्राहक कम खर्च कर रहे थे।",65.41097751821444,48.44813037960934,16,11-20
"My classmates cried with joy, and my parents saved every newspaper they could find.","मेरे सहपाठियों की आंखों में आनन्द के अश्रु थे, तथा मेरे माता-पिता ने प्रत्येक मिलने वाले समाचार पत्र को सहेज कर रख लिया।",मेरी क्लास के बच्चे खुशी से रोते थे और हर अखबार को वे पा सकते थे ।,3.6370906956728595,"मेरे सहपाठियों ने खुशी से रोया, और मेरे माता-पिता ने हर अखबार को बचाया जो वे पा सकते थे।",32.620895666456285,मेरे साथियों ने खुशी से रोया और मेरे माता-पिता ने हर अखबार को बचा लिया जो वे पा सकें।,28.000735925922246,"मेरे सहपाठी ख़ुशी से रोने लगे, और मेरे माता-पिता ने जो भी अख़बार उन्हें मिला, उसे सहेज लिया।",33.58580735238257,24.46113241010849,14,11-20
Claims that the outage was caused by a distributed denial of service [DDoS] attack are not true.,"यह दावा सत्य नहीं है कि यह बाधा, सेवा के वितरित इनकार [डी.डी.ओ.एस.] हमले के कारण आई थी।","[DDDS] हमले को एक वितरित करने के कारण हुआ, यह सच नहीं है ।",27.038235415911384,"यह दावा कि विघटन एक वितरित डीनियल ऑफ सर्विस (डीडीओएस) हमले के कारण हुआ है, सच नहीं है।",39.231005156674506,यह दावा नहीं है कि वितरित सेवा अस्वीकार [डीडीओएस] हमला से ही विफलता हुई है.,39.220091419962166,"यह दावा कि वितरण सेवा से इनकार [डीडीओएस] हमले के कारण आउटेज हुआ था, सच नहीं है।",51.01315972163967,39.12562292854693,17,11-20
"On this committee there are some more contenders, along with Soni.",इस समिति में सोनी समेत टिकट के कुछ और दावेदार भी हैं।,"इस समिति पर कुछ अधिक मुक़ाबले हैं, और पुत्री के साथ.",24.59386872594741,इस समिति में सोनी के साथ कुछ और दावेदार भी हैं।,73.39881345996896,इस समिति में सोनी के साथ कुछ और प्रतिद्वंद्वी भी हैं।,53.613846610249574,इस कमेटी में सोनी के साथ कुछ और दावेदार हैं.,47.83517666597637,49.86042636553558,11,11-20
A southern Georgia judge on Wednesday ordered authorities to release all surveillance video that investigators reviewed.,"बुधवार को दक्षिणी जॉर्जिया के न्यायाधीश ने अधिकरियों को, जांचकर्ताओं द्वारा समीक्षा की गई सभी निगरानी वीडियो जारी करने का आदेश दिया।",बुधवार के दिन एक दक्षिणी जॉर्जियाी न्यायाधीश ने अधिकारियों को आदेश दिया कि वे सभी निगरानी वाले विडियो को छोड़ दें जिसके बारे में रिपोर्ट की गई थी.,55.53727920705116,दक्षिणी जॉर्जिया के एक न्यायाधीश ने बुधवार को अधिकारियों को सभी निगरानी वीडियो जारी करने का आदेश दिया जिसे जांचकर्ताओं ने समीक्षा की थी।,80.02315128900841,एक दक्षिणी जॉर्जिया के न्यायाधीश ने Çarşamba günü अधिकारियों को जांचकर्ताओं द्वारा समीक्षा की गई सभी निगरानी वीडियो को जारी करने का आदेश दिया।,81.94463498059969,दक्षिणी जॉर्जिया के एक न्यायाधीश ने बुधवार को अधिकारियों को जांचकर्ताओं द्वारा समीक्षा किए गए सभी निगरानी वीडियो जारी करने का आदेश दिया।,85.69790689609347,75.80074309318817,16,11-20
"However, Ruhail was arrested under section 404 for hiding the facts and possessions of the deceased.","अलबत्ता, रूहैल को तथ्यों व मृतक के सामान को छिपाने के लिए धारा 404 के तहत हिरासत में ले लिया गया है।","लेकिन, मृत जनों की वास्तविकताओं और सम्पत्ति को छिपाने के लिए आत्मावाद को भाग ४०४ में गिरफ्तार कर लिया गया ।",31.67275461566051,"हालांकि, रुहायल को मृतक के तथ्यों और संपत्तियों को छिपाने के लिए धारा 404 के तहत गिरफ्तार किया गया था।",52.954642004532104,लेकिन रूहेल को मृतक के तथ्यों और कब्जे को छुपाने के लिए धारा 404 के तहत गिरफ्तार किया गया।,51.72823425895298,"हालाँकि, रुहेल को मृतक के तथ्य और संपत्ति छिपाने के लिए धारा 404 के तहत गिरफ्तार किया गया था।",51.02420529550817,46.84495904366344,16,11-20
"In the states where the sale of kerosene through PDS shops has been stopped, the oil companies can sell kerosene at full price on the open market.",जिन राज्यों में पीडीएस के जरिये बिक्री बंद की जाएगी वहां तेल कंपनियां खुले बाजार में पूरी कीमत पर केरोसिन की बिक्री करेंगी।,"कुछ देशों में जहाँ PDS की दुकानों की बिक्री बंद हो गयी है, वहाँ तेल कंपनियों को खुले बाज़ार पर पूरी कीमत पर बेच दिया जा सकता है ।",43.09762119620742,"उन राज्यों में जहां पीडीएस की दुकानों के माध्यम से पेट्रोल की बिक्री बंद कर दी गई है, तेल कंपनियां खुली बाजार में पूर्ण मूल्य पर पेट्रोल बेच सकती हैं।",47.065773811414964,"उन राज्यों में जहां पीडीएस दुकानों के माध्यम से केरोसीन की बिक्री बंद कर दी गई है, तेल कंपनियों को खुले बाजार में पूरी कीमत पर केरोसीन बेचना संभव है।",55.26343349127988,"जिन राज्यों में पीडीएस दुकानों से केरोसिन की बिक्री बंद कर दी गई है, वहां तेल कंपनियां खुले बाजार में पूरी कीमत पर केरोसिन बेच सकती हैं।",70.32082009910253,53.9369121495012,27,21-35
On Friday the select committee of the Senate passed a bill to amend the Foreign Intelligence Surveillance Act(FISA)by 11 votes to 4.,सीनेट की प्रवर समिति ने शुक्रवार को एनएसए के पर कतरने वाले विदेशी खुफिया निगरानी सुधार विधेयक [एफआइएसए] को 11 के मुकाबले 4 मतों से पारित किया।,शुक्रवार को सीनेट के चुनाव समिति ने विदेशी स्वतंत्रता को सुधारने के लिए एक बिल पारित कर दिया।,31.91688328287745,शुक्रवार को सीनेट की चुनिंदा समिति ने विदेशी खुफिया निगरानी अधिनियम (FISA) में संशोधन करने के लिए एक विधेयक को 11 मतों से 4 के खिलाफ पारित किया।,54.85914238995223,शुक्रवार को सेनेट के चयनित समिति ने विदेश कूटनीति पर्यवेक्षण अधिनियम (एफआईएसए) में संशोधन करने के लिए 11 मतों से 4 मतों से एक विधेयक पारित किया।,43.21036938968641,शुक्रवार को सीनेट की चयन समिति ने विदेशी खुफिया निगरानी अधिनियम (एफआईएसए) में संशोधन के लिए एक विधेयक को 4 के मुकाबले 11 मतों से पारित कर दिया।,60.48726317235271,47.618414558717205,22,21-35
There are treatments to delay early menses and ward off another consequence: premature aging of the bones that ultimately can lead to stunted growth and being short as an adult.,"समय-पूर्व मासिक-धर्म तथा अन्य परिणामों को विलम्बित करने के लिए उपचार हैंः अस्थियों की समय-पूर्व आयु-वृद्धि, जिसके कारण अविकसित वृद्धि तथा वयस्क के रूप में नाटा कद हो सकता है।",एक और कारण है कि जल्द - से - जल्द मासिक - धर्म में देरी करने और एक और कारण से दूर रहने का उपचार ।,12.23338695791359,प्रारंभिक मासिक धर्म में देरी करने और एक अन्य परिणाम से बचने के लिए उपचार हैं: हड्डियों की समय से पहले उम्र बढ़ने से अंततः विकास में बाधा आ सकती है और एक वयस्क के रूप में छोटा हो सकता है।,44.77496446457556,प्रारंभिक मासिक धर्म को विलम्बित करने और एक अन्य परिणाम को दूर करने के लिए उपचार हैंः हड्डियों की पूर्वगामी वृद्धावस्था जो अंततः वृद्धावस्था में विचलित वृद्धि और कम होने के लिए एक वयस्क के रूप में हो सकती है।,50.03476944674079,"समय से पहले मासिक धर्म में देरी करने और एक अन्य परिणाम से बचने के लिए उपचार मौजूद हैं: हड्डियों का समय से पहले बूढ़ा होना, जो अंततः विकास में रुकावट और एक वयस्क के रूप में छोटे कद का कारण बन सकता है।",40.121442862696306,36.79114093298156,30,21-35
"It cannot justify the findings of a report that says the White House's efforts to silence the media are the ""most aggressive ... since the Nixon Administration.""","यह उस रिपोर्ट के निष्कर्षों का उत्तर नहीं दे सकती है, जिसका कहना है कि व्हाइट हाउस द्वारा मीडियो को चुप कराने के प्रयास ""निक्सन प्रशासन के बाद से अब तक सबसे आक्रामक रहे हैं।""","यह एक रिपोर्ट की खोज को सही नहीं कर सकता है कि व्हाइट हाउस की कोशिशों ने मीडिया को चुप करने के लिए ""सबसे कठोर... नक्सन प्रशासन"" हैं।",38.144266680134066,"यह एक रिपोर्ट के निष्कर्षों को सही नहीं ठहरा सकता है जिसमें कहा गया है कि व्हाइट हाउस द्वारा मीडिया को चुप कराने के प्रयास ""निक्सन प्रशासन के बाद से सबसे आक्रामक हैं।""",74.50903859957363,"यह एक रिपोर्ट के निष्कर्षों को उचित नहीं ठहरा सकता, जिसमें कहा गया है कि मीडिया को मौन करने के लिए व्हाइट हाउस के प्रयास ""निक्सन प्रशासन के बाद से सबसे अधिक आक्रामक हैं.""",61.900303775099246,"यह उस रिपोर्ट के निष्कर्षों को उचित नहीं ठहरा सकता है जिसमें कहा गया है कि मीडिया को चुप कराने के व्हाइट हाउस के प्रयास ""निक्सन प्रशासन के बाद से सबसे आक्रामक..."" हैं।",69.93235794856973,61.12149175084417,27,21-35
"They are exploring how, over the next decade, they can move to a system in which drivers pay per mile of road they roll over.","वे यह खोज कर रहे हैं कि अगले दशक में वे किस तरह से ऐसी प्रणाली में जा सकते हैं, जिसमें चालक सड़क पर तय किए गए प्रत्येक मील के लिए भुगतान करे।","वे कल्पना कर रहे हैं कि अगले दस सालों के दौरान, वे एक ऐसी व्यवस्था में जा सकते हैं जिसमें ड्राइवर हर मील की दूरी पर गाड़ी चलाते हैं ।",38.774110480273414,"वे यह पता लगा रहे हैं कि अगले एक दशक में, वे एक ऐसी प्रणाली में कैसे जा सकते हैं जिसमें ड्राइवरों को प्रति मील सड़क का भुगतान किया जा सकता है जो वे घूमते हैं।",48.110881294322375,वे इस बात की खोज कर रहे हैं कि अगले दशक में वे एक ऐसी प्रणाली में कैसे आगे बढ़ सकते हैं जिसमें ड्राइवर प्रति मील सड़क पर चढ़ने के लिए भुगतान कर सकते हैं।,59.32174753738769,"वे इस बात की खोज कर रहे हैं कि कैसे, अगले दशक में, वे एक ऐसी प्रणाली की ओर बढ़ सकते हैं जिसमें ड्राइवर सड़क पर प्रति मील के हिसाब से भुगतान करें।",55.147281527212726,50.33850520979905,25,21-35
"The movement is also bolstered by two former U.S. Transportation secretaries, who in a 2011 report urged Congress to move in the pay-per-mile direction.","इस अभियान को दो भूतपूर्व अमेरिकी परिवहन सचिवों ने भी समर्थन दिया है, जिन्होंने वर्ष 2011 में अपनी रिपोर्ट में कांग्रेस से प्रति-मील भुगतान की दिशा में आगे बढ़ने का अनुग्रह किया था।","सन्‌ 2011 के एक रिपोर्ट में, जो एक कानून के मुताबिक कानून तैयार किया गया था, इस अभियान में भी दो भूतपूर्व यू.एस.एस.",23.45782904073522,"इस आंदोलन का समर्थन दो पूर्व अमेरिकी परिवहन सचिवों ने भी किया है, जिन्होंने 2011 की एक रिपोर्ट में कांग्रेस से प्रति मील भुगतान की दिशा में कदम उठाने का आग्रह किया था।",70.32561474597138,इस आंदोलन को दो पूर्व अमेरिकी परिवहन सचिवों ने भी प्रोत्साहन दिया है जिन्होंने 2011 में एक रिपोर्ट में कांग्रेस को प्रति मील भुगतान की दिशा में आगे बढ़ने के लिए आग्रह किया है।,70.1219007458076,"इस आंदोलन को दो पूर्व अमेरिकी परिवहन सचिवों द्वारा भी बल मिला है, जिन्होंने 2011 की एक रिपोर्ट में कांग्रेस से प्रति मील भुगतान की दिशा में आगे बढ़ने का आग्रह किया था।",69.72715213447877,58.40812416674824,24,21-35
So the licenses were not issued to the firecracker traders.,इसलिए पटाखा व्यापारियों को लाइसेंस जारी नहीं किए गए।,इसलिए इन लाइसेंसों को आगी व्यापारियों तक नहीं पहुँचाया गया ।,48.69607499804294,तो पटाखे व्यापारियों को लाइसेंस नहीं दिए गए।,62.099941754520685,इसलिए लाइसेंसों को अग्निशर्कर व्यापारियों को जारी नहीं किया गया।,55.032666932384636,इसलिए पटाखा व्यापारियों को लाइसेंस जारी नहीं किए गए।,100.00000000000004,66.45717092123708,10,6-10
"A motorist has been fined £1,000 for driving at up to 130mph (210km/h) with a hot drink balanced between his legs.","कारचालक पर, पैरों के बीच हॉट ड्रिंक रखकर 130 मील प्रति घंटे (210 किमी/प्रति घंटे) की गति से कार चलाने के लिए 1,000 पाउंड (£1,000) का जुर्माना किया गया है।",एक मोटर जहाज़ अपने पैरों के बीच गर्म पानी के संतुलित संतुलन के साथ 130mp पर गाड़ी चलाने के लिए $10 कि.,20.03876376526294,"एक मोटर चालक को अपने पैरों के बीच संतुलित गर्म पेय के साथ 130 मील प्रति घंटे (210 किमी/घंटा) तक ड्राइव करने के लिए 1,000 पाउंड का जुर्माना लगाया गया है।",58.48349596008293,"एक मोटरकार को 130mph (210km/h) तक अपने पैरों के बीच संतुलित गर्म पेय के साथ ड्राइव करने के लिए £1,000 जुर्माना लगाया गया है.",32.58393853380725,"एक मोटर चालक पर पैरों के बीच गर्म पेय रखकर 130 मील प्रति घंटे (210 किमी/घंटा) की रफ्तार से गाड़ी चलाने के लिए £1,000 का जुर्माना लगाया गया है।",60.188387826872535,42.82364652150641,21,21-35
"The dispute comes as plane makers vie to sell ever-larger versions of their twin-engined long-distance aircraft, with potentially record orders expected at the November 17-21 event.",विवाद विमान निर्माताओ के बीच तब आता है जब 17-21 की घटना के बाद संभावित दर्ज किए गये ऑर्डर मे से लंबी दूरी के  एरक्रॅफ्ट के जुड़वां इंजन के बड़े वर्सन को बेचने की होड़ लगी ।,"विवाद के रूप में विमान विमान विमान विमानों के लिए लंबे समय से विमान विमान विमान के लंबे समय तक बेचने के लिए आगे आता है, साथ संभव रिकॉर्ड आदेश नवंबर 17-21 की घटना पर प्रत्याशित था.",27.40918398531331,"विवाद ऐसे समय में आया है जब विमान निर्माताओं ने अपने दो इंजन वाले लंबी दूरी के विमानों के अधिक बड़े संस्करणों को बेचने के लिए प्रतिस्पर्धा की है, 17-21 नवंबर की घटना में संभावित रिकॉर्ड ऑर्डर की उम्मीद है।",40.73985241887577,"इस विवाद का कारण यह है कि विमान निर्माता अपनी दो इंजनों वाली लंबी दूरी वाली विमानों के ever-larger संस्करणों को बेचने के लिए संघर्ष कर रहे हैं, और संभवतः 17-21 नवंबर के समारोह में रिकॉर्ड क्रमादेशों की उम्मीद है.",27.98311024069549,"यह विवाद तब सामने आया है जब विमान निर्माता अपने जुड़वां इंजन वाले लंबी दूरी के विमानों के बड़े संस्करणों को बेचने की होड़ में हैं, 17-21 नवंबर के आयोजन में संभावित रिकॉर्ड ऑर्डर मिलने की उम्मीद है।",47.320940034104304,35.86327166974721,26,21-35
"Asaram has a following not only in India, but also equally in America.","आसाराम का भारत में ही नहीं, बल्कि अमेरिका में ही उतना भी प्रभुत्व है।",आसाराम ने न सिर्फ भारत में बल्कि अमरीका में भी ऐसा ही किया ।,38.78671495194428,"आसाराम का न केवल भारत में, बल्कि अमेरिका में भी अनुयायी हैं।",54.54657832654484,आसाम को न केवल भारत में बल्कि अमरीका में भी अनुयाय प्राप्त है।,38.19276041196129,आसाराम के न सिर्फ भारत में बल्कि अमेरिका में भी उतने ही अनुयायी हैं।,54.43291588491148,46.48974239384047,13,11-20
Perhaps the big difference between an adult author writing for an adult and an adult author writing for a child is the necessity for some sense of hope.,संभवत एक संतति के लिये एक वयस्कलेखक लेखनऔर एक वयस्क लेखक लेखन एक वयस्क  लिये के बीच बड़ा फर्क आशा की कुछ अर्थों की आवश्यकता है.,"हो सकता है एक वयस्क लेखक के लिए लेखन और एक वयस्क लेखक लिखने में बड़ा फ़र्क हो, किसी आशा की किसी भावना की भावना के लिए ज़रूरी है ।",46.537310245937164,"शायद एक वयस्क लेखक जो वयस्क के लिए लिखता है और एक वयस्क लेखक जो बच्चे के लिए लिखता है, के बीच बड़ा अंतर कुछ आशा की भावना की आवश्यकता है।",52.05617554699489,"शायद एक वयस्क लेखक जो एक वयस्क के लिए लिखता है और एक वयस्क लेखक जो एक बच्चे के लिए लिखता है, बीच का बड़ा अंतर आशा की कुछ भावना के लिए आवश्यक है।",46.69557623615468,शायद एक वयस्क लेखक द्वारा एक वयस्क के लिए लिखने और एक वयस्क लेखक द्वारा एक बच्चे के लिए लिखने के बीच बड़ा अंतर कुछ आशा की भावना की आवश्यकता है।,51.89798562289439,49.29676191299528,28,21-35
Oil extends drop toward $96 a barrel,तेल $ 96 प्रति बैरल की ओर गिरावट जारी रहा,तेल बढ़ता हुआ $96.96,6.731578810504528,तेल प्रति बैरल $ 96 की ओर गिरावट बढ़ाता है,63.05341259384346,तेल एक बैरल में 96 डॉलर तक गिरता है।,16.284971342716787,तेल 96 डॉलर प्रति बैरल तक गिर गया है,36.752290926037816,30.70556341827565,7,6-10
They face prison sentences between 10 years and life imprisonment if convicted.,दोषसिद्ध होने पर उन्हें 10 वर्ष कारावास से लेकर आजीवन कारावास तक की सजा हो सकती है।,"उन्हें 10 साल और जीवन की सजा का सामना करना पड़ता है, अगर वे दोषी ठहराए गए हों ।",29.037951642795864,उन्हें 10 साल से आजीवन कारावास की सजा का सामना करना पड़ता है।,36.75108207132222,उन्हें 10 साल से लेकर अगर उन्हें दोषी ठहराया जाता है तो आजीवन कारावास का दंड दिया जाता है।,41.18555399910735,दोषी पाए जाने पर उन्हें 10 साल से लेकर आजीवन कारावास तक की जेल की सजा का सामना करना पड़ता है।,54.69223591304198,40.41670590656686,12,11-20
Since October 2013 the sale of PDS kerosene in Delhi has already been stopped.,"अक्टूबर, 2013 से दिल्ली में पीडीएस केरोसिन की बिक्री पहले ही बंद हो चुकी है।",अक्‍तूबर 2013 से दिल्ली में प्लैटिनल की बिक्री शुरू हो चुकी है ।,52.58106999301563,अक्टूबर 2013 से दिल्ली में पीडीएस केरोसीन की बिक्री पहले ही बंद कर दी गई है।,79.75013631059004,अक्तूबर 2013 से दिल्ली में पीडीएस केरोसीन की बिक्री रोक दी गई है।,60.71995380941627,अक्टूबर 2013 से दिल्ली में पीडीएस केरोसिन की बिक्री पहले ही बंद कर दी गई है.,82.86658922439432,68.97943733435406,14,11-20
"Meanwhile, the electricity supply has also failed in this area.","इस बीच, कई इलाकों में बिजली आपूर्ति भी ठप रहा।","इस बीच, इस क्षेत्र में बिजली की आपूर्ति भी असफल हुई है ।",48.19451546937742,इस बीच इस क्षेत्र में भी बिजली की आपूर्ति विफल रही है।,38.409969883466424,इस बीच इस क्षेत्र में भी बिजली की आपूर्ति असफल रही है।,38.409969883466424,इस बीच इस इलाके में बिजली आपूर्ति भी गुल हो गयी है.,56.21001696132507,45.30611804940884,10,6-10
Business for Britain launched in April with a pledge to bring business together and define what the UK's wealth and job creators want to see changed in our relationship with the EU.,अप्रैल में बिजनेस फॉर ब्रिटेन को लॉन्च किया गया तथा व्यवसाय को एकसाथ लाने तथा यह निर्धारित करने की प्रतिज्ञा ली गई थी कि यू.के. के रोजगार एवं समृद्धि निर्माता ई.यू. के साथ हमारे सम्बन्ध में क्या परिवर्तन देखना चाहते हैं।,ब्रिटेन के लिए व्यापार ने अप्रैल में व्यापार को एक शपथ के साथ शुरू किया और यह परिभाषित किया कि यूके के धन और नौकरी के निर्माता क्या देखना चाहते हैं EU के साथ हमारे संबंध में परिवर्तन देखना चाहते हैं.,43.02391347164215,"ब्रिटेन के लिए बिजनेस अप्रैल में शुरू किया गया था, जिसमें व्यापार को एक साथ लाने और यह परिभाषित करने का वादा किया गया था कि ब्रिटेन के धन और रोजगार सृजनकर्ता यूरोपीय संघ के साथ हमारे संबंधों में क्या बदलाव देखना चाहते हैं।",49.24619708616076,"अप्रैल में ब्रिटेन के लिए व्यापार शुरू किया गया था जिसमें व्यापार को एकजुट करने तथा ब्रिटेन के धन और रोजगार निर्माताओं को हमारे EU के साथ अपने संबंधों में क्या परिवर्तन देखना चाहते हैं, इसका परिभाषण करने का वचन दिया गया था।",48.64214289293485,व्यापार को एक साथ लाने और यह परिभाषित करने की प्रतिज्ञा के साथ अप्रैल में ब्रिटेन के लिए व्यापार शुरू किया गया कि ब्रिटेन के धन और नौकरी निर्माता यूरोपीय संघ के साथ हमारे संबंधों में क्या बदलाव देखना चाहते हैं।,52.86643284394009,48.44467157366947,32,21-35
"However, the committee recommended the FAA allow pilots to order passengers to shut off devices during instrument landings in low visibility.","तथापि, समिति के सदस्यों ने यह संस्तुति की कि एफ.ए.ए. पायलट को इस बात की अनुमति दे कि कम दृश्यता में विमान उतारे जाने के समय वे यात्रियों को डिवाइस बंद करने का आदेश दें।","लेकिन, कमेटी ने FA की सिफ़ारिश की कि पायलटों को कम गति में उतरने के दौरान उपकरणों को बंद करने के लिए विमानों को बंद करें ।",21.7630532225728,"हालांकि, समिति ने एफएए को सिफारिश की कि कम दृश्यता में उपकरण लैंडिंग के दौरान यात्रियों को उपकरणों को बंद करने का आदेश देने के लिए पायलटों को अनुमति दें।",48.415364551073516,लेकिन समिति ने सिफारिश की कि एफएएए को कम दृश्यता में उपकरणों के उतरने के दौरान यात्रियों को उपकरणों को बंद करने का आदेश देने की अनुमति देनी चाहिए।,45.15214605025294,"हालाँकि, समिति ने सिफारिश की कि एफएए पायलटों को कम दृश्यता में उपकरण लैंडिंग के दौरान यात्रियों को उपकरण बंद करने का आदेश देने की अनुमति दे।",47.43840039236293,40.69224105406555,21,21-35
"He claims that the people's trust in Chief Minister Mamata Banarjee's leadership is increasing, and that this is the reason people are joining Trunamool.",उनका दावा है कि मुख्यमंत्री ममता बनर्जी के नेतृत्व में लोगों की आस्था बढ़ रही है जिसका नतीजा है कि लोग तृणमूल में शामिल होना चाहते हैं।,"उन्होंने दावा किया है कि मुख्य मंत्री Mariva के नेतृत्व में लोगों का भरोसा बढ़ रहा है, और यही कारण है कि लोग Telol से जुड़ रहे हैं।",49.196615804177725,उनका दावा है कि मुख्यमंत्री ममता बनर्जी के नेतृत्व में लोगों का विश्वास बढ़ रहा है और यही कारण है कि लोग तृणमूल में शामिल हो रहे हैं।,76.06951544108242,वे दावा करते हैं कि मुख्यमंत्री ममाता बनर्जी के नेतृत्व पर लोगों का विश्वास बढ़ रहा है और यही कारण है कि लोग ट्रुनामूल में शामिल हो रहे हैं।,59.93507591716876,उनका दावा है कि मुख्यमंत्री ममता बनर्जी के नेतृत्व में लोगों का भरोसा बढ़ रहा है और यही कारण है कि लोग ट्रूनमूल में शामिल हो रहे हैं।,72.67245781562345,64.46841624451308,24,21-35
"""For the vast majority of people who have health insurance that works, you can keep it,"" he said in a speech in Boston.","उन्होंने बोस्टन में एक भाषण में कहा कि ""बहुत सारे लोग जिनके पास स्वास्थ्य बीमा है, तथा वह उपयोगी है, वे उसे जारी रख सकते हैं।""","""कई लोगों के लिए जो स्वास्थ्य बीमा है कि काम करते हैं, आप इसे रख सकते हैं,"" उन्होंने बोस्टन में एक भाषण में कहा.",54.93086468281696,"बोस्टन में एक भाषण में उन्होंने कहा, ""अधिकांश लोगों के लिए जिनके पास स्वास्थ्य बीमा है जो काम करता है, आप इसे रख सकते हैं।",61.22522288073812,"बोस्टन में उन्होंने एक भाषण में कहा, ""अधिकांश लोगों के लिए जिनके स्वास्थ्य बीमा कारगर है, आप उसे बनाए रख सकते हैं।""",56.21239780706745,"उन्होंने बोस्टन में एक भाषण में कहा, ""अधिकांश लोगों के लिए जिनके पास स्वास्थ्य बीमा काम करता है, आप इसे रख सकते हैं।""",63.932769869047284,59.07531380991745,23,21-35
He said that there is a strategy to spread awareness about taxes among the students from 9th to 12 grade.,उन्होंने कहा कि 9-12 वर्ग के छात्र-छात्राओं को टैक्स को लेकर जागरूक करने की नीति है।,उन्होंने कहा कि 9वीं से 12 अंक तक विद्यार्थियों को कर देने के बारे में जानकारी फैलाने का एक तरीका है ।,27.579019379456078,उन्होंने कहा कि 9वीं से 12वीं तक के छात्रों के बीच करों के बारे में जागरूकता फैलाने की रणनीति है।,45.52178781606698,उन्होंने कहा कि 9वीं से 12वीं कक्षा तक विद्यार्थियों में करों के बारे में जागरूकता फैलाने के लिए एक रणनीति है।,34.75000831582795,उन्होंने कहा कि 9वीं से 12वीं कक्षा तक के विद्यार्थियों के बीच टैक्स के प्रति जागरुकता फैलाने की रणनीति है.,36.736773140331586,36.14689716292065,20,11-20
"In the team event gymnastic competition Ambala Team came first, the Rohtak team second and the Bhiwani team came in third place.","प्रतियोगिता की जिमनास्टिक स्पर्धा में अंबाला की टीम पहले, रोहतक की टीम दूसरे और भिवानी की टीम तीसरे स्थान पर रही।","टीम में प्रतियोगिता प्रतियोगिताएं पहली बार आई, रोफेक टीम दूसरी और तीसरे स्थान पर आयी.",35.68074025428552,"टीम इवेंट जिम्नास्टिक प्रतियोगिता में अंबाला टीम पहले, रोहतक टीम दूसरे और भिवानी टीम तीसरे स्थान पर रही।",75.39141179661104,"टीम प्रतियोगिता में अम्बाला टीम प्रथम स्थान पर, रोहतक टीम दूसरे स्थान पर और भिवानी टीम तीसरी स्थान पर रही।",60.25944890715209,"जिम्नास्टिक प्रतियोगिता के टीम इवेंट में अम्बाला की टीम प्रथम, रोहतक की टीम द्वितीय तथा भिवानी की टीम तृतीय स्थान पर रही।",61.23847625253202,58.14251930264517,22,21-35
People are joining them due to the fear of Trunamool's threats.,तृणमूल कांग्रेस के आतंक से डर कर लोग उसमें शामिल हो रहे हैं।,लोग उन्हें Telomol के खतरों के डर के कारण शामिल कर रहे हैं.,33.19510051019672,ट्रूनामूल की धमकी के डर से लोग उनके साथ जुड़ रहे हैं।,29.11890377660744,लोग ट्रुनामूल के खतरों से डरते हुए उनके साथ शामिल हो रहे हैं।,44.619379477424275,ट्रूनमूल की धमकियों से डरकर लोग उनके साथ जुड़ रहे हैं.,37.77967488443597,36.1782646621661,11,11-20
"Police officials and officers, doing their duty promptly, will inspect the records of all the other venues including hotels, guest houses, and PG accommodation.","शहर के होटलों, गेस्ट हाउस तथा पीजी सहित अन्य जगहों पर भी पुलिस कर्मी व कमांडो सतर्कता से ड्यूटी कर रिकॉर्ड जांच करेंगे।","पुलिस अधिकारी और अफसर, अपने कर्तव्य पूरा करते हुए, होटल, मेहमान घर, और PGATA के अन्य सभी होटलों के रिकॉर्डों का निरीक्षण करेंगे ।",28.028794276092082,"पुलिस अधिकारी और अधिकारी अपने कर्तव्यों को तुरंत पूरा करते हुए होटल, गेस्ट हाउस और पीजी आवास सहित अन्य सभी स्थानों के रिकॉर्ड की जांच करेंगे।",40.8601032685893,"पुलिस अधिकारी और अधिकारी, अपने कर्तव्यों को शीघ्र करते हुए, होटल, अतिथि गृह और पीजी आवास सहित अन्य सभी स्थानों के अभिलेखों की जांच करेंगे।",30.281605756865662,"पुलिस पदाधिकारी एवं पदाधिकारी तत्परता से अपनी ड्यूटी करते हुए होटल, गेस्ट हाउस एवं पीजी आवास सहित अन्य सभी स्थलों के अभिलेखों का निरीक्षण करेंगे।",37.254763504730384,34.106316701569355,24,21-35
"""Left to themselves, politicians would bankrupt the country and take us back to hunting and gathering,"" he wrote.","उन्होंने लिखा ""राजनेताओं पर छोड़ दिए जाने पर वे देश को दिवालिया करके हमें वापस शिकार और जमा वाले युग में पहुंचा देंगे।""","""अपने आप को छोड़, नेताओं देश खराब होगा और हमें शिकार करने और इकट्ठा करने के लिए वापस ले जाएगा,"" उन्होंने लिखा.",35.258889652021054,"उन्होंने लिखा, ""राजनीतिज्ञ अपने आप को छोड़ कर देश को बैंकार्ट कर देंगे और हमें शिकार और इकट्ठा करने के लिए वापस ले जाएंगे।",41.24408122389089,"उन्होंने लिखा था, '' राजनीतिज्ञ अपने आप को छोड़कर देश को दिवालिया कर देंगे और हमें शिकार और इकट्ठा करने के लिए वापस ले जाएंगे. ''",45.98330648477279,"उन्होंने लिखा, ""खुद पर छोड़ दिए जाने पर, राजनेता देश को दिवालिया बना देंगे और हमें शिकार और इकट्ठा करने के लिए वापस ले जाएंगे।""",60.475734682929655,45.740503010903595,18,11-20
"Sebelius, who is overseeing implementation of the Affordable Care Act, said the launch of the online marketplace has gone ""miserably"" since October.","सेबेलियस जो कि वहनीय देखभाल अधिनियम के क्रियान्वयन की जिम्मेदारी उठा रही हैं, ने कहा कि अक्टूबर से ऑनलाइन बाजार का लॉन्च ""दुर्भाग्यपूर्ण"" रहा है।","Sortius, जो Affrrrrrver Planer के कार्यान्वयन की निगरानी कर रहा है, अक्‍तूबर से ऑनलाइन बाजार के लांच ने कहा कि ""बहुत कम से कम"" चला गया है.",35.37919235782548,"सस्ती देखभाल अधिनियम के कार्यान्वयन की देखरेख करने वाले सेबेलियस ने कहा कि अक्टूबर के बाद से ऑनलाइन मार्केटप्लेस का शुभारंभ ""दुर्भाग्य से"" चला गया है।",52.8241905131444,"सवेलियस, जो कि सस्ती देखभाल अधिनियम के कार्यान्वयन पर निगरानी रखता है, ने कहा कि ऑनलाइन बाजार का शुभारंभ अक्तूबर से ""अच्छी तरह"" हो गया है।",48.34174593332182,"सेबेलियस, जो अफोर्डेबल केयर एक्ट के कार्यान्वयन की देखरेख कर रहे हैं, ने कहा कि अक्टूबर से ऑनलाइन मार्केटप्लेस का लॉन्च ""बुरी तरह"" हो गया है।",48.571796609778815,46.27923135351763,22,21-35
"Other than the Director of the PGI and fire department, Principal Director and DHS Sector 16 GMSH and Sector 32 GMCH staff of other dispensaries were also asked to be on high alert for emergencies.","पुलिस ने दमकल विभाग और पीजीआइ के डायरेक्टर, प्रिंसिपल डायरेक्टर व डीएचएस सहित सेक्टर-16 जीएमएसएच व सेक्टर-32 जीएमसीएच प्रबंधन के अलावा अन्य डिस्पेंसरियों के स्टाफ से आपातकालीन समय में हाई अलर्ट रखने को कहा गया।","PSGS और अग्नि विभाग के समर्थक के अलावा, PMS और DHS SS सेक 16 GMS और अन्य आपूर्तिियों के सेक्टर 32 sCHCHIC कर्मचारी भी कहा गया था कि वे उच्च निगरानी के लिए तैयार हो जाएँ.",19.59334677406997,"पीजीआई और अग्निशमन विभाग के निदेशक के अलावा, प्रधान निदेशक और डीएचएस सेक्टर 16 जीएमएसएच और सेक्टर 32 जीएमएसएच के अन्य डिस्पेंसरियों के कर्मचारियों को भी आपात स्थिति के लिए उच्च सतर्क रहने के लिए कहा गया था।",44.754619431691665,"पीजीआई और अग्नि विभाग के निदेशक, प्रधान निदेशक और डीएचएस सेक्टर 16 जीएनएसएच और सेक्टर 32 जीएनसीएच के अन्य डिस्पेंसियों के कर्मचारियों को भी आपातकाल के लिए उच्च चेतावनी पर रहना कहा गया।",40.45862052591903,"पीजीआई और अग्निशमन विभाग के निदेशक, प्रधान निदेशक और डीएचएस सेक्टर 16 जीएमएसएच और सेक्टर 32 जीएमसीएच के अलावा अन्य डिस्पेंसरियों के कर्मचारियों को भी आपात स्थिति के लिए हाई अलर्ट पर रहने के लिए कहा गया है।",50.89951967925562,38.92652660273407,35,21-35
"""It was a shock,"" recalls one woman whose daughter started her period at 10.","एक महिला, जिनकी बेटी को 10 वर्ष की उम्रे में मासिक धर्म आरंभ हो गया था, याद करती हैं, ""यह झटका था।’","""यह एक सदमा था,"" याद करती है एक औरत जिसकी बेटी 10 बजे से शुरू हुई.",22.34165887291004,"""यह एक झटका था"", एक महिला याद करती है, जिसकी बेटी 10 साल की उम्र में मासिक धर्म शुरू कर देती थी।",53.53740535553025,एक महिला को याद है कि उसकी बेटी 10 साल की उम्र में मासिक धर्म शुरू कर दी थी।,36.745030001793474,"""यह एक सदमा था,"" एक महिला याद करती है जिसकी बेटी को 10 साल की उम्र में मासिक धर्म शुरू हो गया था।",61.898391787890354,43.63062150453103,14,11-20
The officer concerned will present the files to the Vice-Chancellor.,संबंधित अधिकारी उनकी फाइनल कुलपति तक पहुंचाएंगे।,अधिकारी चिंतित फ़ाइलों को दुर्गुण-चाजक के सामने प्रस्तुत करेंगे।,21.233882746344253,संबंधित अधिकारी उपकुलपति को फाइल प्रस्तुत करेगा।,52.36328741488615,संबंधित अधिकारी फाइलों को कुलपति को प्रस्तुत करेंगे।,52.51658675506057,संबंधित अधिकारी फाइलें कुलपति के समक्ष प्रस्तुत करेंगे।,49.126391603179094,43.81003712986752,10,6-10
"The Americans spy on us on the commercial and industrial level as we spy on them too, because it is in the national interest to defend our businesses.","अमेरिकि वाणिज्यिक और औद्योगिक स्तर पर हम पर जासूसी करते है और हम भी करते है , क्योंकि यह हमारे कारोबार का बचाव के लिए राष्ट्रीय हित में है","अमरीकी जासूस भी व्यापार और औद्योगिक स्तर पर हम पर जासूस है... ... हम उन पर जासूस है, क्योंकि यह हमारे व्यवसायों की रक्षा करने के लिए राष्ट्रीय ब्याज में है.",50.80796566423437,"अमेरिकी हमें वाणिज्यिक और औद्योगिक स्तर पर जासूसी करते हैं, जैसा कि हम उन्हें भी जासूसी करते हैं, क्योंकि हमारे व्यवसायों की रक्षा करना राष्ट्रीय हित में है।",59.067079112282215,"अमरीकी हम पर व्यापारिक और औद्योगिक स्तर पर भी षड्यंत्र करती है, जिस प्रकार हम उन पर भी षड्यंत्र करते हैं, क्योंकि हमारे व्यापारों को रक्षा करना राष्ट्रीय हित में है।",45.32793097001505,"अमेरिकी वाणिज्यिक और औद्योगिक स्तर पर हम पर जासूसी करते हैं और हम भी उन पर जासूसी करते हैं, क्योंकि हमारे व्यवसायों की रक्षा करना राष्ट्रीय हित में है।",67.42063770282928,55.65590336234023,28,21-35
An Obama voter's cry of despair,ओबामा के मतदाताओं की निराशा की चीत्कार,एक ऑबमा प्रैप की निराशा की पुकार,35.03593105430874,ओबामा मतदाता की निराशा की चिल्ला,57.98012514415089,ओबामा मतदाता की निराशा की चिंघाड़,58.200308433292506,ओबामा के एक मतदाता की निराशा का रोना,61.438908204131636,53.16381820897094,6,6-10
This year in April a trial was held in the federal court in Oklahoma.,इस साल अप्रैल में ओकलाहोमा शहर स्थित संघीय अदालत में उस पर मुकदमा चला था।,इस साल अप्रैल के महीने में यूरेआ के संघीय अदालत में एक मुकद्दमा चलाया गया ।,52.10288093812635,इस वर्ष अप्रैल में ओक्लाहोमा में संघीय अदालत में एक मुकदमा चलाया गया था।,62.7513230720388,इस साल अप्रैल में ओक्लाहामा में संघीय अदालत में एक मुकदमा चलाया गया।,62.966960789327494,इसी साल अप्रैल में ओक्लाहोमा की संघीय अदालत में एक मुक़दमा चला था.,64.08191059845039,60.47576884948576,14,11-20
He remains in breach of his bail conditions.,वह अपनी जमानत की शर्तों के उल्लंघन में हैं।,उन्होंने कहा कि अपने जमा किए गए हालात के उल्लंघन में रहता है।,32.72511090712228,वह अपनी जमानत की शर्तों का उल्लंघन करता रहता है।,66.09556604342022,वह अपनी जमानत की शर्तों का उल्लंघन कर रहा है.,71.24243726715014,वह अपनी जमानत शर्तों का उल्लंघन कर रहा है।,63.4381274338969,58.375310412897385,8,6-10
"However, the committee has given the green flag to increase the taxes on mosquito repellents, coils, mats and liquids.","यद्यपि समिति ने मच्छर मारने वाले रेपलैंट, क्वायल, मैट्स व लिक्विड पर टैक्स बढ़ाने संबंधी प्रस्ताव को हरी झंडी दे दी है।","लेकिन, कमेटी ने मच्छरों पर कर को बढ़ाने के लिए हरे ध्वज दिए हैं, तड़क और द्रवों को बढ़ाते हैं ।",17.378209734932604,"हालांकि, समिति ने मच्छर रोधी, कॉइल, मैट और तरल पदार्थों पर टैक्स बढ़ाने के लिए ग्रीन फ्लैग दिया है।",34.70005235047019,"तथापि, समिति ने मच्छर प्रतिरोधक, कोयल, मट और तरल पदार्थों पर करों में वृद्धि करने के लिए हरित झंडा दिया है।",24.655659716929666,"हालांकि, समिति ने मच्छर भगाने वाली दवाओं, कॉइल, मैट और तरल पदार्थों पर कर बढ़ाने को हरी झंडी दे दी है।",42.11814124756892,29.713015762475344,19,11-20
"""Egypt today is a civil, national, constitutional and modern state,"" Morsi, wearing a blue business suit and a red tie, told the judges in the wood-panelled chamber where he took the oath of office.","नीले रंग का बिजनेस सूट तथा लाल रंग की टाई पहने हुए मोरसी ने, लकड़ी के पैनल वाले चैम्बर में बैठे हुए न्यायाधीशों के समक्ष पद की शपथ लेते हुए कहा कि ""आज मिस्र नागरिक, राष्ट्रीय, संवैधानिक तथा आधुनिक राष्ट्र है।""","""मिस्र आज एक नागरिक, राष्ट्रीय और आधुनिक राज्य है,"" मोरी, एक नीला व्यवसाय सूट और एक लाल टाई पहने हुए, लकड़ी की कोठरी में न्यायाधीशों को बताया कि वह कार्यालय की शपथ ले लिया.",40.700924699857566,"""मिस्र आज एक नागरिक, राष्ट्रीय, संवैधानिक और आधुनिक राज्य है"", मुर्सी ने नीले व्यवसाय सूट और लाल टाई पहने हुए, लकड़ी के पैनल वाले कमरे में न्यायाधीशों से कहा जहां उन्होंने पद की शपथ ली।",53.80413446562321,"""इजिप्ट आज एक नागरिक, राष्ट्रीय, संवैधानिक और आधुनिक राज्य है,"" मोर्सी ने एक नीले व्यापार सूट और लाल टाई पहनकर जजों को wood-panelled कक्ष में कहा, जहां उन्होंने पद की शपथ ली।",37.97691225915557,"""मिस्र आज एक नागरिक, राष्ट्रीय, संवैधानिक और आधुनिक राज्य है,"" नीले बिजनेस सूट और लाल टाई पहने मोरसी ने लकड़ी के पैनल वाले कक्ष में न्यायाधीशों से कहा, जहां उन्होंने पद की शपथ ली।",56.04518423792703,47.13178891564085,34,21-35
"On the other hand, analysts say full 10-seat-per-row cabins for existing 777s suggest many passengers are voting for the denser layout, which may go hand in hand with cheaper fares.","दूसरी तरफ, विश्लेषकों का कहना है पूरे 10-सीट-प्रति पंक्ति केबिन मौजूदा 777 S के लिए सुझाव है कि कई यात्रियों का डेनसर लेआउट के पक्ष मे है, जो साथ ही साथ सस्ते किराए के साथ जा सकते हैं।.","दूसरी ओर, अनुमानों का कहना है कि मौजूदा 777 के लिए पूरा 10-पर केकंडों का कहना है कि कई यात्री घने खाका के लिए वोट कर रहे हैं, जो कि काम के साथ हाथ में जा सकते हैं.",39.82159569923889,"दूसरी ओर, विश्लेषकों का कहना है कि मौजूदा 777 के लिए 10 सीटें प्रति पंक्ति के लिए पूर्ण कैबिनों से पता चलता है कि कई यात्री अधिक घने लेआउट के लिए मतदान कर रहे हैं, जो सस्ते किराए के साथ हाथ में जा सकता है।",56.85344732393179,"दूसरी ओर, विश्लेषकों का कहना है कि मौजूदा 777 के लिए पूर्ण 10 सीट प्रति पंक्ति के कैबिन इस बात का सुझाव देते हैं कि बहुत से यात्रियों ने अपेक्षाकृत अधिक घनत्व के लिए मतदान कर रहे हैं, जो कि सस्ती किराया के साथ हाथ में जा सकता है.",47.67139422765951,"दूसरी ओर, विश्लेषकों का कहना है कि मौजूदा 777 के लिए पूर्ण 10-सीट-प्रति-पंक्ति केबिन सुझाव देते हैं कि कई यात्री सघन लेआउट के लिए मतदान कर रहे हैं, जो सस्ते किराए के साथ-साथ चल सकता है।",65.63726816763943,52.4959263546174,30,21-35
In a police interview he said he ran an office at his home address as well as work place and clients would call at his house on legal business.,"पुलिस साक्षात्कार में उसने कहा कि वह अपने कार्य-स्थल के साथ-साथ अपने घर से भी कार्यालय चलाता था, तथा उसके क्लाइंट विधिक मामलों के लिए उसके घर पर फोन करते थे।","एक पुलिस इंटरव्यू में उसने कहा कि वह अपने घर के पते पर एक ऑफिस में गया है, साथ ही काम करने की जगह और ग्राहक कानूनी कारोबार के लिए अपने घर पर फोन करेंगे ।",38.97481479792827,"एक पुलिस साक्षात्कार में उन्होंने कहा कि वह अपने घर के पते पर एक कार्यालय चलाते हैं, साथ ही काम के स्थान पर भी और ग्राहक कानूनी काम के लिए उनके घर पर आते हैं।",50.34172395390472,पुलिस के एक साक्षात्कार में उन्होंने कहा कि वे अपने घर के पते पर एक कार्यालय और कार्यस्थल चलाते थे और वे कानूनी व्यापार के लिए अपने घर में क्लाइंटों को बुलाते थे।,50.096035274806525,एक पुलिस साक्षात्कार में उन्होंने कहा कि वह अपने घर के पते के साथ-साथ कार्यस्थल पर भी एक कार्यालय चलाते हैं और ग्राहक कानूनी व्यवसाय के लिए उनके घर पर कॉल करते हैं।,55.541933028633196,48.738626763818175,29,21-35
Normal life has also been affected by the cold.,ठंड से सामान्य जनजीवन भी प्रभावित होकर रह गया।,सामान्य जीवन भी ठंड से प्रभावित हुआ है ।,59.088349339721056,ठंड से सामान्य जीवन भी प्रभावित हुआ है।,68.3224404136911,सामान्य जीवन भी ठंड से प्रभावित हुआ है।,59.088349339721056,ठंड से आम जनजीवन भी प्रभावित हुआ है.,51.45221785584484,59.487839237244515,9,6-10
"The CSP, Mohan Dubey, said security arrangements have been tightened for the festival, before the elections are held.",सीएसपी मोहन दुबे ने बताया कि चुनाव से पहले त्योहार पर सुरक्षा व्यवस्था तगड़ी रखी गई है।,उन्होंने कहा कि चुनावों को आयोजित करने से पहले सुरक्षा के इंतज़ामों को कम कर दिए गए हैं ।,29.72929814085365,सीएसपी मोहन दुबे ने कहा कि चुनाव होने से पहले त्योहार के लिए सुरक्षा व्यवस्था कड़ा कर दी गई है।,68.82820232750495,"सी. एस. पी., मोहन दुबे ने कहा कि चुनाव होने से पहले इस उत्सव के लिए सुरक्षा व्यवस्थाएं सुदृढ़ कर दी गई हैं।",47.495621245131176,सीएसपी मोहन दुबे ने बताया कि चुनाव से पहले त्योहार को लेकर सुरक्षा व्यवस्था कड़ी कर दी गई है।,81.72124539770233,56.94359177779802,18,11-20
"Because of this, the sale of substandard and counterfeit milk solids has increased.",इसे देखते हुए घटिया व नकली मावे की बिक्री बढ़ जाती है।,"इसके कारण, अधिक नक़ली और नक़ली दूध की बिक्री बढ़ती जा रही है ।",32.182771861333315,इस वजह से कम गुणवत्ता वाले और नकली दूध ठोस पदार्थों की बिक्री में वृद्धि हुई है।,21.41581167943262,इस कारण अमानत और मिथ्या दुग्ध ठोसों की बिक्री बढ़ गई है।,30.8525111893281,इसके चलते घटिया और नकली दूध के ठोस पदार्थों की बिक्री बढ़ गई है।,36.582371750693284,30.258366620196828,13,11-20
The police said then that President Musharraf did not play a direct role in the assassination of the cleric.,पुलिस के मुताबिक मौलवी की हत्या में तत्कालीन राष्ट्रपति मुशर्रफ का सीधा हाथ नहीं था।,पुलिस ने फिर कहा कि राष्ट्रपति मुंहरफ ने पादरियों की हत्या में सीधे भूमिका नहीं निभायी ।,41.98824722879437,पुलिस ने तब कहा कि राष्ट्रपति मुशर्रफ ने पुजारी की हत्या में प्रत्यक्ष भूमिका नहीं निभाई।,48.29426748210497,पुलिस ने कहा कि राष्ट्रपति मुशर्रफ ने धर्मगुरू की हत्या में प्रत्यक्ष भूमिका नहीं निभाई।,46.63693784541991,पुलिस ने तब कहा था कि मौलवी की हत्या में राष्ट्रपति मुशर्रफ की सीधी भूमिका नहीं थी.,61.8427413095783,49.69054846647438,19,11-20
The police have examined the route of Modi's visit and the sites of the meeting thoroughly.,पुलिस ने मोदी की यात्रा के रूट और बैठक वाली जगहों की कड़ी जांच की।,पुलिस ने मोदी के दौरे के मार्ग की जाँच की है और पूरी तरह से सभा की जगहों की जाँच की है.,35.514960900637114,पुलिस ने मोदी की यात्रा के मार्ग और बैठक के स्थानों की गहन जांच की है।,59.98773014921905,पुलिस ने மோடி की यात्रा के रास्ते और बैठक के स्थलों की पूरी जांच की है।,51.39415056070611,पुलिस ने मोदी के दौरे के रूट और सभा स्थलों की गहनता से जांच की है.,48.28879160879196,48.79640830483856,16,11-20
Fees are one way to get passengers to bring less on board.,शुल्क बोर्ड पर यात्रियों के लिए कम लाने के लिए एक तरीका है.,यात्रियों को नाव पर कम लाने के लिए लाने का एक तरीका है।,58.63850399966136,शुल्क यात्रियों को जहाज पर कम लाने का एक तरीका है।,55.398828665421696,फीस एक तरीका है जिससे यात्रियों को जहाज पर कम लाया जा सके।,43.78911514200957,शुल्क यात्रियों को विमान में कम लाने का एक तरीका है।,55.18739176072437,53.25345989195425,12,11-20
"The new carry-on fee is for bags in the overhead bin, so small bags under the seat will still be free.","नए कैरी - ऑन शुल्क ओवरहेड बिन में बैग के लिए है, इसलिए, सीट के नीचे छोटे बैग फिर भी निः शुल्क किया जाएगा.",अब भी सीट के नीचे छोटी - छोटी बैग खाली हो जाएँगे ।,12.965862621459346,"नई कार्टून फीस ओवरहेड डिब्बे में बैग के लिए है, इसलिए सीट के नीचे छोटे बैग अभी भी मुफ्त होंगे।",49.0169661537837,"नई लाने के लिए फीस ऊपरी बिन में बोतलों के लिए है, इसलिए सीट के नीचे छोटे बोतल अभी भी निःशुल्क होंगे।",50.324457224775784,"नया कैरी-ऑन शुल्क ओवरहेड बिन में बैग के लिए है, इसलिए सीट के नीचे छोटे बैग अभी भी मुफ़्त होंगे।",68.80577921870369,45.27826630468063,21,21-35
"""People think the ones responsible for the future of the country are the government and the president, and he should be the one to find solutions for the problems,"" he says.","""लोगों को देश भविष्य के लिए जिम्मेदार लोगों को सरकार और राष्ट्रपति हैं, और लगता है कि वह समस्याओं के लिए समाधान को खोजने के लिए एक होना चाहिए, ""वे कहते हैं.","""लोग सोचते हैं कि देश के भविष्य के लिए जिम्मेदार लोग सरकार और राष्ट्रपति हैं, और वह समस्याओं के समाधान पाने के लिए एक होना चाहिए,"" वह कहता है.",72.48789732123433,"वह कहते हैं, ""लोग सोचते हैं कि देश के भविष्य के लिए जिम्मेदार सरकार और राष्ट्रपति हैं, और उन्हें समस्याओं के समाधान खोजने के लिए खुद को जिम्मेदार ठहराया जाना चाहिए।",60.98227147013629,"वे कहते हैं, ""लोगों का विचार है कि सरकार और राष्ट्रपति देश के भविष्य के लिए जिम्मेदार हैं और उन्हें समस्याओं के लिए समाधान खोजने के लिए एक होना चाहिए।""",74.57564336677228,"वे कहते हैं, ""लोग सोचते हैं कि देश के भविष्य के लिए ज़िम्मेदार सरकार और राष्ट्रपति हैं और उन्हें ही समस्याओं का समाधान ढूंढना चाहिए।""",56.00265140367188,66.01211589045369,31,21-35
"John Kerry has indicated a softening of the U.S's defensive stance on its surveillance programmes with an unprecedented admission that on occasions its spying has ""reached too far inappropriately.""","जॉन केरी ने अनपेक्षित रूप यह स्वीकार करने के द्वारा अपने निगरानी कार्यक्रम पर यू.एस. का सुरक्षात्मक रवैया नरम पड़ने का संकेत दिया है कि कभी-कभी इसकी जासूसी ""अनुपयुक्त रूप से बहुत आगे चल जाती है।""","जॉन केररी ने अमेरिका के अपने निगरानी कार्यक्रम कार्यक्रम पर एक तेजी से प्रतिक्रिया की घोषणा की है एक बहुत ही शानदार स्वीकार कर रहे हैं कि अपने जासूसों पर ""कुछ हद तक अनुचित रूप से प्रभावित"" है।",40.80078685409768,"जॉन केरी ने अपने निगरानी कार्यक्रमों पर अमेरिका के रक्षात्मक रुख को नरम करने का संकेत दिया है और एक अभूतपूर्व स्वीकृति के साथ कहा है कि कभी-कभी उनकी जासूसी ""अयोग्य रूप से बहुत दूर पहुंच गई है।""",57.32599101384251,"जॉन केरी ने अपने निगरानी कार्यक्रमों पर अमेरिकी प्रतिरक्षा दृष्टिकोण को हल्का करने का संकेत दिया है और कभी-कभी इसकी खुफियादारी ने ""अवश्यक रूप से बहुत दूर तक पहुँची है"" इस बात को बिना किसी पूर्वानुमान के स्वीकार किया है।",48.01016010536055,"जॉन केरी ने अभूतपूर्व स्वीकारोक्ति के साथ अपने निगरानी कार्यक्रमों पर अमेरिका के रक्षात्मक रुख में नरमी का संकेत दिया है कि कई मौकों पर इसकी जासूसी ""अनुचित रूप से बहुत दूर तक पहुंच गई है।""",56.382609386358666,50.62988683991485,29,21-35
It is the duty of everyone to earn money for the well-being of the family.,परिवार के भरण-पोषण के लिए धन कमाना हर व्यक्ति का कर्तव्य है।,यह परिवार की भलाई के लिए पैसा कमाने का कर्तव्य है.,44.74844216907238,परिवार की भलाई के लिए पैसा कमाना हर किसी का कर्तव्य है।,53.25839764179511,परिवार की खुशहाली के लिए पैसे कमाने का हर व्यक्ति का कर्तव्य है।,63.565794089343704,परिवार की भलाई के लिए पैसा कमाना हर किसी का कर्तव्य है।,53.25839764179511,53.70775788550158,15,11-20
"An estimated one in 2,000 children born each year is neither boy nor girl.","अनुमान के अनुसार प्रत्येक वर्ष 2,000 बच्चों मे से एक बच्चा ऐसा होता है जो न तो लड़का होता है न लड़की।","हर साल करीब 2,000 बच्चे पैदा होते हैं ।",8.742307400859396,"हर साल पैदा होने वाले हर 2,000 बच्चों में से एक बच्चे न तो लड़का है और न ही लड़की।",43.19965932227463,अनुमानित है कि प्रति वर्ष 2000 बच्चों में से एक न तो लड़का है और न लड़की।,43.83932121878578,"अनुमान है कि हर साल पैदा होने वाले 2,000 बच्चों में से एक न तो लड़का होता है और न ही लड़की।",50.105959519636265,36.471811865389014,14,11-20
"Kaplowitz is cautious with medication but acknowledges, ""suppressing puberty may alleviate behavioral issues and girls' feelings of being different from peers.""","कैप्लोविट़ज दवाओं के बारे में सजग हैं लेकिन स्वीकार करते हैं, ""यौवन को दबाना व्यवहारात्मक मुद्दे बढ़ा सकता है, तथा लड़कियों अपने साथियों से अलग महसूस करने लग सकती हैं।""","Capoclocoliggy दवा के साथ सतर्क है लेकिन स्वीकार करता है, ""अभिविष्टाताओं को कम व्यवहार संबंधी समस्याएँ और लड़कियों की भावनाएँ दोस्तों से अलग होने की भावनाओं को कम कर सकती हैं.""",38.56206161852086,"कैप्लोविट्ज़ दवाओं के बारे में सतर्क हैं, लेकिन स्वीकार करते हैं, ""पुर्तता को दबाने से व्यवहार संबंधी समस्याएं और लड़कियों की भावनाएं कम हो सकती हैं कि वे अपने समकक्षों से अलग हैं।""",56.41627499779924,"कैप्लोविज दवाओं के साथ सावधान है लेकिन स्वीकार करता है, ""उद्यौपण को बढ़ाना व्यवहारिक समस्याओं और लड़कियों के साथियों से भिन्न होने की भावनाओं को कम कर सकता है।""",48.62136106497921,"कपलोविट्ज़ दवा को लेकर सतर्क हैं लेकिन स्वीकार करते हैं, ""यौवन को दबाने से व्यवहार संबंधी समस्याएं और लड़कियों में साथियों से अलग होने की भावनाएं कम हो सकती हैं।""",56.900711030864876,50.12510217804104,21,21-35
"Finally, and most tellingly of all, our poll of business leaders found a clear majority wanted to see Britain pursue a course of treaty change and a relationship with the EU that is based on trade, not politics.","अंत में और सबसे स्पष्ट रूप से, व्यावसायिक नेतृत्वकर्ताओं के हमारे सर्वेक्षण ने पाया कि, एक बड़ा हिस्सा स्पष्ट रूप से चाहता है कि ब्रिटेन, ई.यू. के साथ राजनीति के बजाय व्यापार आधारित सम्बन्ध तथा संधि परिवर्तन के मार्ग पर आगे बढ़े।","आख़िरकार, और अधिकांश लोग, व्यवसाय नेताओं के हमारे सर्वेक्षण ने स्पष्ट पाया कि अधिकांश लोग ब्रिटेन को परिवर्तन के एक मार्ग और एयू के साथ एक सम्बन्ध का पीछा करना चाहते थे, जो व्यापार पर आधारित है, राजनीति पर आधारित नहीं ।",49.06826094908609,"अंत में, और सबसे महत्वपूर्ण बात यह है कि हमारे व्यापारिक नेताओं के सर्वेक्षण से पता चला है कि स्पष्ट बहुमत चाहता है कि ब्रिटेन संधि परिवर्तन और यूरोपीय संघ के साथ एक ऐसा संबंध बनाए जो व्यापार पर आधारित हो, न कि राजनीति पर।",50.072282183542164,"अंत में, सबसे स्पष्ट बात यह है कि हमारे व्यापारियों के नेताओं के सर्वेक्षण में एक स्पष्ट बहुमत ने देखा कि ब्रिटेन संधि परिवर्तन की दिशा में और यूरोप के साथ व्यापार पर आधारित, राजनीति पर आधारित संबंधों को अपनाना चाहता है।",51.29927109943039,"अंत में, और सबसे अधिक स्पष्ट रूप से, व्यापारिक नेताओं के हमारे सर्वेक्षण में पाया गया कि स्पष्ट बहुमत ब्रिटेन को संधि में बदलाव और यूरोपीय संघ के साथ एक ऐसे रिश्ते को आगे बढ़ाते हुए देखना चाहता है जो व्यापार पर आधारित हो, न कि राजनीति पर।",54.67348170922962,51.27832398532206,38,35+
"The bail plea hearing of the former Chief of the Army, General Pervez Musharraf, in the case of the Lal Masjid cleric murder has been postponed until November 4th.",लाल मस्जिद के मौलवी की हत्या के मामले में पूर्व सैन्य शासक जनरल परवेज मुशर्रफ की जमानत याचिका पर सुनवाई चार नवंबर तक के लिए स्थगित कर दी गई है।,"सेना के भूतपूर्व प्रधान, जनरल पेरवफफफफफफ की सुनवाई में नवंबर ४वें तक देर हो चुकी है ।",17.995140632960826,लाल मस्जिद धर्मगुरु हत्या मामले में सेना के पूर्व प्रमुख जनरल परवेज मुशर्रफ की जमानत याचिका की सुनवाई 4 नवंबर तक के लिए स्थगित कर दी गई है।,72.73443940133254,लाल मस्जिद के धर्मगुरु की हत्या के मामले में पूर्व सेना प्रमुख जनरल परवेज मुशर्रफ की जमानत याचिका सुनाई 4 नवंबर तक स्थगित कर दी गई है।,72.47463099701584,लाल मस्जिद के मौलवी की हत्या के मामले में पूर्व सेना प्रमुख जनरल परवेज मुशर्रफ की जमानत याचिका पर सुनवाई 4 नवंबर तक के लिए टाल दी गई है.,79.08504322382433,60.57231356378338,29,21-35
He did not tell anyone that Jahid has drowned.,उसने किसी को नहीं बताया कि जाहिद डूब गया है।,उसने किसी को नहीं बताया कि यहोवा ने उसे डुबो दिया है ।,59.554425259051506,उन्होंने किसी को नहीं बताया कि जैहिद डूब गया है।,77.7326612361237,उसने किसी को नहीं बताया कि जाहिद डूब गया है।,100.00000000000004,उसने किसी को नहीं बताया कि जाहिद डूब गया है.,97.01154303042087,83.57465738139902,9,6-10
"The sacrifice of Shaheed Kesari was remembered and a cultural program, including patriotic presentations, was performed.",इस दौरान शहीद केसरी के बलिदान को याद किया गया और देशभक्ति समेत तमाम सांस्कृतिक कार्यक्रम भी पेश किए गए।,"इसके अलावा, इस कार्यक्रम में देश - भक्‍ति की पेशकश भी की जाती थी ।",19.261070644343167,शहीद केसरी के बलिदान को याद किया गया और देशभक्तिपूर्ण प्रस्तुति सहित एक सांस्कृतिक कार्यक्रम किया गया।,69.33370447284211,शाहeed केसरी के बलिदान को याद किया गया और देशभक्ति कार्यक्रम सहित एक सांस्कृतिक कार्यक्रम का आयोजन किया गया।,61.570101331082995,शहीद केसरी के बलिदान को याद किया गया और देशभक्तिपूर्ण प्रस्तुतियों सहित सांस्कृतिक कार्यक्रम प्रस्तुत किये गये।,61.8816579744382,53.01163360567662,16,11-20
Mr Mazanga was coy when asked about whether Renamo would repeat this threat.,रे नमो इस खतरे को दोहरा पाएंगे या नहीं लगभग पूछे जाने पर श्री माझांगविनीत था.,"श्री मॉर्जिया को जब यह धमकी दी गयी थी, तब उसने कहा कि क्या रेनामो इस धमकी को दोहराएगा ।",23.093870639847175,श्री मज़ांजा से पूछा गया कि क्या रेनामो इस धमकी को दोहराएगा।,26.117504967983347,"श्री माजनगो को यह प्रश्न पूछने पर कि रेनामो इस धमकी को दोहराएगा या नहीं, संदिग्ध हो गया।",34.29446479390504,जब श्री माज़ंगा से पूछा गया कि क्या रेनामो इस धमकी को दोहराएगा तो वह झिझक रहे थे।,28.823250154751058,28.082272639121655,13,11-20
Today he will meet the families of the people who died in Patna last Sunday.,आज वह पिछले रविवार को पटना की रैली में मारे गए लोगों के परिवारों से मिलेंगे।,आज वह पटाना के पिछले रविवार में मारे गए लोगों के परिवारों से मिलेंगे.,77.60948022731911,आज वह पिछले रविवार को पटना में मारे गए लोगों के परिवारों से मिलेंगे।,87.08928165109963,आज वह पिछले रविवार को पटना में मरे लोगों के परिवारों से मिलेंगे।,76.7395105468731,आज वह पिछले रविवार को पटना में मारे गये लोगों के परिजनों से मुलाकात करेंगे.,69.18279705169932,77.6552673692478,15,11-20
"But he denied the changes were made at the request of Mr Obeid, who Mr Tripodi acknowledged was urging a shift in government lease policy.","लेकिन उन्होने श्री ओबाइड के अनुरोध पर परिवर्तन के लिए मना कर दिया , श्री त्रिपोडी  ने सरकारी पट्टे नीति मे बदलाव का आग्रह किया था","लेकिन उन्होंने परिवर्तनों को अस्वीकार किया, जो श्री ओबेडी की निवेदन में किए गए थे, जिसने स्वीकार किया कि सरकार में एक बदलाव की माँग कर रहा था ।",36.06534954513492,"लेकिन उन्होंने इनकार किया कि ओबाइड के अनुरोध पर बदलाव किए गए थे, जो त्रिपोडी ने स्वीकार किया कि सरकार के पट्टे की नीति में बदलाव का आग्रह कर रहे थे।",53.94219983211413,"लेकिन उन्होंने इन परिवर्तनों को अस्वीकार कर दिया जो श्री ओबिद के अनुरोध पर किए गए थे, जिसे श्री ट्रिपोडी ने स्वीकार किया था कि वह सरकारी पट्टेदारी नीति में परिवर्तन लाने की मांग कर रहा था.",44.65391287050293,"लेकिन उन्होंने इस बात से इनकार किया कि ये बदलाव श्री ओबेद के अनुरोध पर किए गए थे, जिनके बारे में श्री त्रिपोदी ने स्वीकार किया था कि वे सरकारी पट्टा नीति में बदलाव का आग्रह कर रहे थे।",48.51308827533193,45.79363763077098,25,21-35
Airbus and Boeing do not supply seats but offer a catalogue of suppliers for airlines to choose from.,एयरबस और बोइंग सीटों की आपूर्ति नहीं करते लेकिन एयरलाइंस के लिए आपूर्तिकर्ताओं से चुनने के लिए  एक सूची प्रदान कर रहे हे।,"हवाई - जहाज़ और हवाई जहाज़, हवाई जहाज़ से दूर रहने के लिए सीटें नहीं देते ।",11.483863038090961,एयरबस और बोइंग सीटों की आपूर्ति नहीं करते हैं लेकिन एयरलाइंस के लिए चयन करने के लिए आपूर्तिकर्ताओं की सूची प्रदान करते हैं।,81.32647253053851,एयरबस और बोइंग सीटें नहीं प्रदान करते बल्कि एयरलाइनों को चुनने के लिए आपूर्तिकर्ताओं की सूची प्रदान करते हैं।,63.470837788816375,"एयरबस और बोइंग सीटों की आपूर्ति नहीं करते हैं, लेकिन एयरलाइनों को चुनने के लिए आपूर्तिकर्ताओं की एक सूची प्रदान करते हैं।",79.6694190498779,58.98764810183094,18,11-20
Last year a team from the University of Lincoln found that dogs turn their heads to the left when looking at an aggressive dog and to the right when looking at a happy dog.,पिछले वर्ष यूनिवर्सिटी ऑफ लिंकन की टीम ने पाया कि जब कुत्ते किसी आक्रामक कुत्ते को देखते हैं तो अपना सिर बाईं ओर घुमाते हैं और खुश कुत्ते को देखने पर अपना सिर दाईं ओर घुमाते हैं।,पिछले साल मेन विश्‍वविद्यालय से एक टीम ने पाया कि कुत्तों ने अपने सिर बाएँ मोड़ दिए जब एक शांत कुत्ता को देखते समय और ख़ुश कुत्ता को देखते हुए देखा ।,33.27068336420479,पिछले साल लिंकन विश्वविद्यालय की एक टीम ने पाया कि कुत्तों ने एक आक्रामक कुत्ते को देखने पर अपना सिर बाईं ओर और एक खुश कुत्ते को देखने पर दाईं ओर मोड़ लिया।,54.28483594802693,पिछले साल लिंकन विश्वविद्यालय के एक दल ने पाया कि कुत्ते एक आक्रमणकारी कुत्ते को देखते समय अपने सिर बाएं ओर और एक खुश कुत्ते को देखते समय दाएं ओर घूमते हैं।,43.98011074635808,पिछले साल लिंकन विश्वविद्यालय की एक टीम ने पाया कि आक्रामक कुत्ते को देखते समय कुत्ते अपना सिर बाईं ओर घुमाते हैं और खुश कुत्ते को देखते समय दाईं ओर।,59.367710562999754,47.725835155397384,34,21-35
"Basharat Ditta, 42, would feed information to crime lord Neil Scarbrough",42 वर्षीय बशरत डिट्टा कुख्यात अपराधी नील स्कारबोरो को सूचना दिया करता था,"बासत दिथ दिमा, 42, अपराधी स्वामी के लिए जानकारी प्रदान करेगा",14.925752153975694,42 वर्षीय Basharat Ditta ने क्राइम लॉर्ड नील स्कारब्रो को जानकारी दी,31.80248821041469,"Basharat Ditta, 42, अपराध शासक Neil Scarbrough को जानकारी देगा",10.304699228714902,42 वर्षीय बशारत दित्ता अपराध सरगना नील स्कारब्रू को सूचनाएं मुहैया कराता था,51.69047938692026,27.180854745006386,11,11-20
"In 2011, dozens of French lawmakers from that strongly Catholic country signed a petition for ""gender theory"" to be withdrawn from school textbooks.","वर्ष 2011 में, इस सख्त रूप से कैथोलिक देश से दर्जनों फ्रांसीसी विधि-निर्माताओं ने विद्यालय की पुस्तकों से ""लिंग सिद्धांत"" वापस लिए जाने हेतु याचिका पर हस्ताक्षर किए हैं।","सन्‌ 2011 में, उस प्रबल कैथोलिक देश से दर्जनों फ्रांसीसी कानून बनानेवालों ने स्कूल की पाठ्य - पुस्तक से दूर रहने के लिए ""जिम सिद्धांत"" निवेदन पर हस्ताक्षर किया ।",50.8048715033114,"2011 में, उस दृढ़ता से कैथोलिक देश के दर्जनों फ्रांसीसी सांसदों ने ""लैंगिक सिद्धांत"" को स्कूल की पाठ्यपुस्तकों से हटाने के लिए एक याचिका पर हस्ताक्षर किए।",56.11085839415012,"2011 में उस मजबूत कैथोलिक देश के दर्जनों फ्रांसीसी सांसदों ने स्कूली पाठ्यपुस्तकों से ""gender theory"" को हटाने के लिए एक याचिका पर हस्ताक्षर किए।",47.25348403597942,"2011 में, उस कट्टर कैथोलिक देश के दर्जनों फ्रांसीसी सांसदों ने स्कूल की पाठ्यपुस्तकों से ""लिंग सिद्धांत"" को वापस लेने के लिए एक याचिका पर हस्ताक्षर किए।",59.426760418281,53.398993587930484,23,21-35
"But ever since Edward Snowden, the contractor turned whistleblower, began releasing his treasure trove of US surveillance secrets, European governments and business leaders are no longer sure whether to take the director at his word.","लेकिन जब से एडवर्ड स्नोडन, एक ठेकेदार जो व्हिसलब्लोवर  बना है , उसके रहस्यो का खजाना अमेरिकी निगरानी को बताना शुरू किया, यूरोपीय सरकारे और व्यापार जगत के नेता अब सुनिश्चित नहीं हैं कि निर्देशक अपने वचन पालन करे की नहीकी नहीं।","लेकिन एडवर्ड स्नोden के बाद से, राजनेता सीटीब्रोबरर शुरू कर दिया, अमेरिका निगरानी के रहस्य, यूरोपीय सरकारों और व्यापार नेताओं के अपने खज़ाने को अब यकीन नहीं कर रहे हैं कि उनके वचन पर निर्देशक ले जाना चाहिए या नहीं.",49.22628152995526,"लेकिन जब से एडवर्ड स्नोडेन, एक ठेकेदार जो सूचना देने वाला बन गया, ने अमेरिकी निगरानी रहस्यों के अपने खजाना को जारी करना शुरू कर दिया, यूरोपीय सरकारों और व्यापारिक नेताओं को अब यह सुनिश्चित नहीं है कि निर्देशक को उनके शब्द पर विश्वास करना है या नहीं।",60.997941724582965,"लेकिन एडवर्ड स्नोडेन के बाद से, जब कि संविदाकर्ता का पता लगाने वाला बन गया और अमरीकी निगरानी की गुप्तियों का अपना खजाना जारी करना शुरू हुआ, यूरोपीय सरकारें और व्यापारिक नेताओं को अब यह विश्वास नहीं है कि वे निदेशक को उनकी बात मानेंगे या नहीं।",43.94909603830245,"लेकिन जब से व्हिसलब्लोअर बने ठेकेदार एडवर्ड स्नोडेन ने अमेरिकी निगरानी रहस्यों के अपने खजाने को जारी करना शुरू किया है, यूरोपीय सरकारें और व्यापारिक नेता अब निश्चित नहीं हैं कि निदेशक की बात मानी जाए या नहीं।",64.7193023180266,54.72315540271683,35,21-35
"During this time more than a dozen employees of these departments, including the director, were found absent from their posts.",इस दौरान उन्होंने इन विभागों में निदेशक समेत दर्जन भर से अधिक कर्मचारियों को अपनी सीट से नदारद पाया।,"इस समय के दौरान, इन विभागों के एक दर्जन से ज़्यादा कर्मचारियों को, जिनमें निर्देशक भी शामिल था, अपने पोस्टों से अलग पाया गया ।",41.130414828557015,इस दौरान निदेशक सहित इन विभागों के एक दर्जन से अधिक कर्मचारी पदों से अनुपस्थित पाए गए।,46.23814982115881,"इस समय इन विभागों के एक दर्जन से अधिक कर्मचारी, जिनमें निदेशक भी थे, अपने पदों से अनुपस्थित पाए गए।",46.067125949942444,इस दौरान निदेशक समेत इन विभागों के एक दर्जन से अधिक कर्मचारी अपने पद से अनुपस्थित पाये गये.,51.784549176142335,46.305059943950155,20,11-20
There is no more appropriate use for wealth than that of creating jobs for others.,दूसरों के लिए रोजगार के सृजन से बढ़कर धन का सदुपयोग और कोई नहीं हो सकता।,धन - दौलत के लिए लोगों के लिए काम करने से बढ़कर कोई फायदा नहीं है ।,35.83859301572629,दूसरों के लिए रोजगार सृजन से अधिक धन का कोई उपयुक्त उपयोग नहीं है।,54.25073523683781,धन का अन्य लोगों के लिए रोजगार पैदा करने से अधिक उपयुक्त उपयोग नहीं होता।,42.13859622369735,दूसरों के लिए नौकरियाँ पैदा करने से बढ़कर धन का कोई उचित उपयोग नहीं है।,50.48005504343402,45.67699487992387,15,11-20
"Furthermore, on the suspicion that she was pregnant, she was taken to hospital for an abortion.",यही नहीं गर्भ ठहरने की आशंका पर वह गर्भपात के लिए अस्पताल ले गया।,"इसके अतिरिक्‍त, यह मानते हुए कि वह गर्भवती थी, उसे गर्भपात के लिए अस्पताल ले जाया गया ।",42.126036247943624,"इसके अलावा, उसे गर्भ धारण करने का संदेह होने के कारण उसे गर्भपात के लिए अस्पताल ले जाया गया।",39.664886477809006,"इसके अलावा, इस संदेह पर कि वह गर्भवती थी, उसे गर्भपात के लिए अस्पताल ले जाया गया.",43.82245516483233,"इसके अलावा, उसके गर्भवती होने के संदेह पर उसे गर्भपात के लिए अस्पताल ले जाया गया।",43.24227075463214,42.21391216130427,16,11-20
"He said: ""I really want to develop an invisible ice cream.""","उन्होंने कहाः ""मैं वास्तव में एक अदृश्य आइस क्रीम विकसित करना चाहता था.""","उसने कहा, ""मैं एक अदृश्य आइसक्रीम विकसित करना चाहता हूँ।""",61.97443744500091,"उन्होंने कहा, ""मैं वास्तव में एक अदृश्य आइसक्रीम बनाना चाहता हूं।""",73.15229092469741,"उसने कहा, ""मैं वास्तव में एक अदृश्य आइसक्रीम विकसित करना चाहता हूँ।""",79.73208212618974,"उन्होंने कहा: ""मैं वास्तव में एक अदृश्य आइसक्रीम विकसित करना चाहता हूं।""",87.7237655501598,75.64564401151196,11,11-20
"That means one passenger in line at a Frontier gate might get to bring a bag on for free, while the next person in line might owe $100 for a similar bag.","इसका मतलब है यही कारण है कि लाइन में अगले व्यक्ति को एक समान बैग के लिए 100 डॉलर देना हो सकता है, जबकि एक फ्रंटियर गेट पर लाइन में एक यात्री, एक बैग मुफ़्त प्राप्त कर सकते हैं.","इसका मतलब है कि एक यात्री को सामनेवाले फाटक के पास एक बैग ले जाना चाहिए ताकि वह उसे मुफ्त में ले आए, जबकि अगले व्यक्‍ति को एक समान बैग के लिए 100 रुपए उधार दिए जा सकते हैं ।",49.56300271485467,"इसका मतलब है कि फ्रंटियर गेट पर कतार में एक यात्री मुफ्त में एक बैग ले जा सकता है, जबकि कतार में अगले व्यक्ति को इसी तरह के बैग के लिए 100 डॉलर का कर्ज हो सकता है।",60.707703500747755,"इसका अर्थ यह है कि किसी फ्रंटियर गेट में पंक्तिबद्ध एक यात्रियों को निःशुल्क एक बैग लाने का अधिकार मिल सकता है, जबकि पंक्तिबद्ध अगली व्यक्ति को एक समान बैग के लिए $100 देय हो सकता है।",47.967396661182,"इसका मतलब है कि फ्रंटियर गेट पर लाइन में खड़े एक यात्री को एक बैग मुफ्त में मिल सकता है, जबकि लाइन में अगले व्यक्ति को उसी बैग के लिए 100 डॉलर का भुगतान करना पड़ सकता है।",68.64034767158414,56.71961263709214,32,21-35
"Patek, who spent almost 10 years on the run as one of South-East Asia's most wanted, was yesterday sentenced to 20 years in jail for his role in building the explosive devices used in the bombing.","पटेक को, जो लगभग 10 वर्ष तक दक्षिण-पूर्व एशिया के सबसे वांछित व्यक्तियों में से एक रूप में भागता रहा, बम विस्फोट में इस्तेमाल की गई विस्फोटक डिवाइस का निर्माण करने में उसकी भूमिका के लिए कल 20 वर्ष की सजा सुनाई गई।","पटक, जो लगभग 10 साल दक्षिण-कात एशिया के एक के रूप में चलाने में बिताया सबसे ज्यादा चाहता था, कल जेल में अपनी भूमिका बनाने के लिए 20 साल की सज़ा दी गई थी बमों में उपयोग किया गया.",33.671094288366774,दक्षिण-पूर्व एशिया के सबसे वांछित लोगों में से एक के रूप में लगभग 10 साल तक फरार रहने वाले पैटेक को कल बमबारी में इस्तेमाल किए गए विस्फोटक उपकरणों के निर्माण में उनकी भूमिका के लिए 20 साल की जेल की सजा सुनाई गई थी।,60.73586395224416,दक्षिण-पूर्व एशिया के सबसे अधिक मांगे गए लोगों में से एक के रूप में भागने में लगभग 10 वर्ष व्यतीत करने वाले पैटेक को कल बम विस्फोट में प्रयुक्त विस्फोटक उपकरणों के निर्माण में उनकी भूमिका के लिए 20 वर्ष की जेल की सजा दी गई।,62.06286555525897,"पाटेक, जिसने दक्षिण-पूर्व एशिया के मोस्ट वांटेड में से एक के रूप में लगभग 10 साल बिताए थे, को कल बमबारी में इस्तेमाल विस्फोटक उपकरणों के निर्माण में उसकी भूमिका के लिए 20 साल जेल की सजा सुनाई गई थी।",55.04902191702126,52.87971142822279,36,35+
"In neighboring France, gender issues are still controversial, according to a news report on France 24.","फ्रांस 24 पर समाचार रिपोर्ट के अनुसार, पड़ोसी देश फ्रांस में लिंग से जुड़े मुद्दे अभी भी विवादास्पद हैं।","पड़ोसी फ्रांस में, फ्रांस पर एक समाचार रिपोर्ट के अनुसार, लिंग के विषय अब भी विवादपूर्ण हैं ।",56.78165673153074,"पड़ोसी फ्रांस में, फ्रांस 24 की एक समाचार रिपोर्ट के अनुसार, लिंग के मुद्दे अभी भी विवादास्पद हैं।",77.65134159361205,"फ्रांस 24 पर एक समाचार रिपोर्ट के अनुसार, पड़ोसी फ्रांस में, लैंगिक मुद्दे अभी भी विवादास्पद हैं।",79.22568457350555,"फ़्रांस 24 की एक समाचार रिपोर्ट के अनुसार, पड़ोसी फ़्रांस में, लैंगिक मुद्दे अभी भी विवादास्पद हैं।",75.29468934337682,72.2383430605063,16,11-20
"Also among the dead it said were 2,202 army defectors and some 5,375 opposition fighters, many of them foreigners.","इसने यह भी कहा कि मृतकों में 2,202 सेना के भगोड़े तथा लगभग 5,375 विपक्षी लड़ाकू हैं, जिसमें से बहुत से विदेशी हैं।","मृत लोगों के बीच भी यह कहा गया था कि २,२०२ सैनिक विद्रोह करनेवाले थे और कुछ ५,३75 विरोधकर्ता थे, जिनमें से अनेक विदेशी थे ।",20.386881369215004,"इसके अलावा मृतकों में 2,202 सेना सेवानिवृत्त और कुछ 5,375 विपक्षी लड़ाके भी शामिल थे, जिनमें से कई विदेशी थे।",52.823457401809065,"यह भी कहा गया कि मृतकों में 2,202 सेना के विस्थापित और लगभग 5,375 विपक्ष fighters थे, जिनमें से अधिकतर विदेशी थे.",58.029672428227826,"यह भी कहा गया कि मृतकों में 2,202 सैन्य दलबदलू और लगभग 5,375 विपक्षी लड़ाके थे, जिनमें से कई विदेशी थे।",58.8269359916515,47.516736797725855,19,11-20
"According to sources, during the autopsy, the internal organs of the tigress were reported to be damaged.",सूत्रों की मानें तो पोस्टमार्टम के दौरान बाघिन के आतंरिक शव खराब होना बताया जा रहा है।,इस बीमारी से लड़ने के लिए इनकी मदद की जा सकती है ।,5.583825859514232,"सूत्रों के अनुसार, शव परीक्षण के दौरान बाघ के आंतरिक अंग क्षतिग्रस्त होने की सूचना मिली।",32.62095011361708,"स्रोतों के अनुसार, शवपरीक्षा के दौरान टिगर्स के आंतरिक अंगों को क्षतिग्रस्त बताया गया था.",23.328743641626282,"सूत्रों के मुताबिक, शव परीक्षण के दौरान बाघिन के अंदरूनी अंगों के क्षतिग्रस्त होने की जानकारी मिली है.",32.88753008670814,23.605262425366433,17,11-20
"Chadvir Hooda said that the Haryana Chief Minister, Bhupinder Singh Hooda, has spent billions of rupees in the district.",चादवीर हुड्डा ने कहा कि जिले में मुख्यमंत्री भूपेंद्र सिंह हुड्डा द्वारा करोड़ों अरबों रुपये की राशि खर्च की गई है।,"सन्‌ 1908 में, हर्वना का मुख्य मंत्री, बॉर सिंह शामिया ने ज़िला इलाके में अरबों रुपए खर्च किए हैं ।",34.35274194704796,चादवीर हुड्डा ने कहा कि हरियाणा के मुख्यमंत्री भूपेंद्र सिंह हुड्डा ने जिले में अरबों रुपये खर्च किए हैं।,69.83117711461645,चडवीर हूदा ने कहा कि हरियाणा के मुख्यमंत्री भूपींदर सिंह हूदा ने इस जिले में करोड़ों रुपये खर्च किए हैं।,51.55250940033834,चादवीर हुडा ने कहा कि हरियाणा के मुख्यमंत्री भूपेन्द्र सिंह हुडडा ने जिले में अरबों रुपए खर्च किए हैं।,59.506562988656704,53.81074786266486,19,11-20
Kaplowitz contends the premise that holds the most weight is the epidemic of obesity.,कैप्लोविट़ज यह नियम निर्धारित करते हैं कि इसका सबसे मुख्य कारण स्थूलता का प्रकोप है।,इस तरह के तनाव का सामना करना मुश्‍किल हो सकता है ।,5.45463608405925,काप्लोविट्ज़ का दावा है कि सबसे अधिक वजन रखने वाली स्थिति मोटापे की महामारी है।,23.376114382222962,काप्लोविज का तर्क है कि सबसे अधिक वजन रखने वाला रोग मोटापा की महामारी है.,19.47451732072632,कपलोविट्ज़ का तर्क है कि जो आधार सबसे अधिक प्रभावशाली है वह मोटापे की महामारी है।,17.751546254719972,16.514203510432125,14,11-20
The University Vice-Chancellor wrote to the governor seeking permission to hold elections.,विश्वविद्यालय कुलपति ने चुनाव कराने की अनुमति के लिए राज्यपाल को पत्र लिखा है।,विश्‍व स्वास्थ्य - चिकित्साकर्ता ने राष्ट्रपति को चुनाव करने की अनुमति दी ।,37.010739139645196,विश्वविद्यालय के कुलपति ने गवर्नर को चुनाव कराने की अनुमति मांगकर पत्र लिखा।,68.8294643951286,विश्वविद्यालय के कुलपति ने गवर्नर को चुनाव करवाने की अनुमति मांगने के लिए पत्र लिखा।,65.27510385335727,विश्वविद्यालय के कुलपति ने राज्यपाल को पत्र लिखकर चुनाव कराने की अनुमति मांगी है.,78.43592592117196,62.38780832732575,12,11-20
Asaram and his son are accused of various crimes.,आसाराम और उनके बेटे पर तरह-तरह के आरोप लग रहे हैं।,आसाराम और उसके बेटे पर कई अपराधों का इलज़ाम लगाया जाता है ।,35.510396992797716,आसाराम और उनके बेटे पर विभिन्न अपराधों का आरोप है।,51.37708270825668,आसाराम और उसके बेटे को अनेक अपराधों का आरोप लगाया गया है।,40.75051198051119,आसाराम और उनके बेटे पर कई अपराधों के आरोप हैं.,58.343087154541784,46.49526970902684,9,6-10
The lawyer's downfall came after police investigating Scarborough discovered he had been in regular phone contact with Ditta in February 2011.,वकील का बुरा समय उस समय आरम्भ हो गया जब स्कारबोरो की जांच करते समय पुलिस को पता चला कि वह फरवरी 2011 से डिट्टा के साथ नियमित रूप से फोन पर सम्पर्क में था।,वकील के पतन के बाद पुलिस डरबूला को पता चला कि वह फरवरी 2011 में डायटा के साथ नियमित तौर पर फोन किया गया था।,37.02113953977223,वकील का पतन तब हुआ जब स्कर्बोरो की जांच करने वाली पुलिस ने पाया कि वह फरवरी 2011 में डिट्टा के साथ नियमित टेलीफोन संपर्क में था।,52.87182000123961,वकील का पतन पुलिस की जांच के बाद हुआ जब स्करबोरो ने फरवरी 2011 में डाइटा से नियमित रूप से फोन संपर्क किया था।,40.62585246294512,वकील का पतन तब हुआ जब स्कारबोरो की जांच कर रही पुलिस को पता चला कि फरवरी 2011 में वह डिट्टा के साथ नियमित रूप से फोन पर संपर्क में था।,67.00564963477666,49.3811154096834,21,21-35
"Because the price of advertising depends on several things, such as the size or frequency of the advertisement for that year.","क्योंकि विज्ञापन की कीमत कई चीजों पर निर्भर करती है, जिनमें विज्ञापन की साइज या उस साल के लिए विज्ञापन का रेट आदि जैसी बातें शामिल होती हैं।","क्योंकि विज्ञापन की क़ीमत अनेक बातों पर निर्भर करती है, जैसे कि उस वर्ष के विज्ञापन का आकार या उपस्थिति ।",44.194215584550065,"क्योंकि विज्ञापन की कीमत कई चीजों पर निर्भर करती है, जैसे कि उस वर्ष के विज्ञापन का आकार या आवृत्ति।",48.48180382970342,"क्योंकि विज्ञापन का मूल्य कई बातों पर निर्भर करता है, जैसे कि उस वर्ष के विज्ञापन का आकार या आवृत्ति।",38.56804018769199,"क्योंकि विज्ञापन की कीमत कई चीज़ों पर निर्भर करती है, जैसे उस वर्ष के विज्ञापन का आकार या आवृत्ति।",46.65229177575066,44.474087844424034,21,21-35
They got married about three weeks ago on October 8th or 9th.,दोनों ने करीब तीन हफ्ते पहले यानी 8 या 9 अक्टूबर को विवाह रचाया।,अक्‍तूबर ८ या ९वें पर उन्होंने लगभग तीन सप्ताह पहले शादी कर ली ।,19.014488240052472,वे लगभग तीन सप्ताह पहले 8 या 9 अक्टूबर को शादी की।,34.30748613942937,वे लगभग तीन सप्ताह पहले 8 या 9 अक्तूबर को शादी कर चुके थे।,29.832379942279584,करीब तीन हफ्ते पहले 8 या 9 अक्टूबर को उनकी शादी हुई थी।,54.33573440874155,34.372522182625744,12,11-20
The work by HS2 Ltd suggests high-speed services to Scotland and the north of England will start as soon as Phase One opens in 2026.,"HS2 द्वारा कार्य स्कॉटलैंड और इंग्लैंड के उत्तरी भाग में उच्च गति सेवाओं को इंगित करते हैं, जो 2026 में प्रथम चरण के साथ जल्द ही शुरू हो जाएंगे।",HS2 Leted द्वारा काम दिखाता है कि स्कॉट और इंग्लैंड के उत्तर सेवा उच्च गति से शुरू हो जाएगा के रूप में 2026 में एक खोल के रूप में शुरू हो जाएगा.,48.052582210441955,एचएस2 लिमिटेड द्वारा किए गए काम से पता चलता है कि स्कॉटलैंड और उत्तरी इंग्लैंड के लिए हाई-स्पीड सेवाएं 2026 में पहले चरण के उद्घाटन के तुरंत बाद शुरू होंगी।,41.657967608869974,एच. एस. 2 लि. द्वारा कार्य करने के लिए सुझाव दिया गया है कि स्कॉटलैंड और उत्तरी इंग्लैंड के लिए उच्च गति सेवाएं 2026 में चरण 1 खोलने के साथ ही आरंभ होंगी।,48.502195337831104,एचएस2 लिमिटेड के काम से पता चलता है कि स्कॉटलैंड और उत्तरी इंग्लैंड के लिए हाई-स्पीड सेवाएं 2026 में चरण एक के खुलते ही शुरू हो जाएंगी।,43.220301550572074,45.35826167692878,25,21-35
He will be going to the villages of the people killed in the bomb blasts to meet the families.,वे शनिवार सुबह सात बजे से विस्फोटों में मारे गए लोगों के गांव जाकर उनके परिजनों से मिलेंगे।,वह उन लोगों के गाँवों में जा रहा होगा जो बम विस्फोटों में मारे गए थे परिवारों से मिलने के लिए.,52.88962676865315,वह परिवारों से मिलने के लिए बम विस्फोटों में मारे गए लोगों के गांव जाएंगे।,57.886075842240004,वह बम विस्फोटों में मारे गए लोगों के गांवों में परिवारों से मिलने जा रहा है।,53.47576477925925,वह बम धमाकों में मारे गए लोगों के परिवारों से मिलने उनके गांवों में जाएंगे.,50.19285729499409,53.61108117128663,19,11-20
"Director, Dr.S.K.Garg, said that the institution's annual function is celebrated as the foundation day.",निदेशक डा. एसके गर्ग ने कहा कि संस्थान का वार्षिकोत्सव स्थापना दिवस के रूप में मनाया जाता है।,". Wargggggge, कहा कि संस्था के वार्षिक समारोह को आधार दिन के रूप में मनाया जाता है।",48.96430166733483,"निदेशक, डॉ. एस.के.गार्ग ने कहा कि संस्थान का वार्षिक समारोह स्थापना दिवस के रूप में मनाया जाता है।",77.49918150091484,निदेशक डॉ. एस. के. गार्ग ने कहा कि संस्थान का वार्षिक समारोह स्थापना दिवस के रूप में मनाया जाता है।,79.4975569085965,निदेशक डॉ.एस.के.गर्ग ने कहा कि संस्था का वार्षिक समारोह स्थापना दिवस के रूप में मनाया जाता है।,79.16309502795552,71.28103377620042,14,11-20
"Mr Edis said Coulson's involvement in the story followed the same pattern as with other important men, such as former home secretary David Blunkett.","मि. एडिस ने कहा कि इस मामले में कॉल्सन का शामिल होना, अन्य महत्वपूर्ण व्यक्तियों वाले पैर्टन में ही है, जैसे कि भूतपूर्व गृह सचिव डेविड ब्लन्केट।",श्री Edddis ने कहा कि इस कहानी में कोलसन का शामिल अन्य महत्वपूर्ण पुरुषों के साथ वैसा ही व्यवहार किया जैसा कि भूतपूर्व घर के सचिव डेविड ब्रलेट के साथ.,47.39375679140647,श्री एडीस ने कहा कि कहानी में कोलसन की भागीदारी ने अन्य महत्वपूर्ण पुरुषों जैसे पूर्व गृह सचिव डेविड ब्लंकेट के साथ एक ही पैटर्न का पालन किया।,45.561876359017724,श्री एडिस ने कहा कि इस कहानी में कुल्सन की भागीदारी अन्य महत्वपूर्ण व्यक्तियों जैसे पूर्व गृह सचिव डेविड ब्लंकेट के साथ समान ही थी.,56.73174234385129,"श्री एडिस ने कहा कि कहानी में कॉल्सन की भागीदारी अन्य महत्वपूर्ण व्यक्तियों, जैसे कि पूर्व गृह सचिव डेविड ब्लंकेट, के समान ही थी।",59.67258228885179,52.33998944578182,24,21-35
"It's the first time in 20 years that the blonde beauty has had short hair, and we're loving the demure change.","पिछले 20 वर्षों में ऐसा पहली बार हुआ है जब इस सुनहरे बालों वाली सुंदरी ने अपने बाल छोटे रखे हैं, और यह सौम्य बदलाव हम सभी को पसंद आ रहा है।","यह 20 साल में पहली बार है कि ब्लॉइड सुन्दरता के बाल छोटे थे, और हम सुधरे हुए परिवर्तन से प्यार कर रहे हैं.",24.61395318608401,"यह 20 वर्षों में पहली बार है कि गोरी सुंदरता के पास छोटे बाल हैं, और हम विनम्रता परिवर्तन से प्यार कर रहे हैं।",34.2637052576672,"यह 20 वर्षों में पहली बार है कि blonde सौंदर्य छोटा बाल है, और हम वेशभूषा परिवर्तन को प्यार कर रहे हैं।",26.61775700106253,"20 वर्षों में यह पहली बार है कि सुनहरे बालों वाली सुंदरी के बाल छोटे हैं, और हम इस शालीन बदलाव को पसंद कर रहे हैं।",55.61671562372064,35.278032767133595,21,21-35
The police said in their report that the deceased's phone and SIM card were checked and his phone was being used by a woman named Saura.,रिपोर्ट में पुलिस ने बताया कि मृतक के फोन और सिम की जांच की गई और पाया गया कि उसका फोन सौरा में एक महिला द्वारा इस्तेमाल किया जा रहा है।,पुलिस ने अपनी रिपोर्ट में कहा कि मृत जन के फोन और एसएम कार्ड चेक किया गया था और उसका फोन सारा नामक एक महिला द्वारा इस्तेमाल किया जा रहा था.,62.79773101264617,पुलिस ने अपनी रिपोर्ट में कहा कि मृतक के फोन और सिम कार्ड की जांच की गई और उसका फोन सौरा नाम की एक महिला द्वारा इस्तेमाल किया जा रहा था।,77.26915868553574,पुलिस ने अपनी रिपोर्ट में कहा कि मृतक के फोन और सिम कार्ड की जांच की गई थी और उसकी फोन सउरा नामक एक महिला द्वारा उपयोग की जा रही थी.,57.351027304233604,पुलिस ने अपनी रिपोर्ट में कहा कि मृतक के फोन और सिम कार्ड की जांच की गई तो उसका फोन सौरा नाम की महिला इस्तेमाल कर रही थी.,60.34319992382708,64.44027923156065,26,21-35
"The forest department, giving an evasive answer, said that prima-facie, the tigress seemed to have died a natural death.",वन विभाग इस बारे में गोलमोल जवाब देते हुए प्रथम दृष्टया बाघिन की मौत को स्वाभाविक बता रहा है।,"जंगल विभाग, एक अस्थायी उत्तर दे रहे हैं, ने कहा कि Pagaaa-फिस, स्वाभाविक मृत्यु हो गई थी लगता था.",21.53262307202344,वन विभाग ने एक भटकता हुआ जवाब देते हुए कहा कि पहली नजर में ऐसा लगता है कि बाघ की प्राकृतिक मृत्यु हो गई है।,30.53679629201139,"वन विभाग ने इस बात का स्पष्ट उत्तर दिया था कि prima-facie, यह टाइगर्स एक स्वाभाविक मृत्यु से मर गया था।",25.69974925115175,वन विभाग ने गोलमोल जवाब देते हुए कहा कि प्रथम दृष्टया बाघिन की स्वाभाविक मौत होना प्रतीत हो रहा है.,66.20856437863344,35.994433248455,19,11-20
President Armando Guebuza has sought to play down concerns about instability.,राष्ट्रपति अर्मांडो जीबुझां ने अस्थिरता के बारे में चिंताओं को  बेक़दर करने कीमांग की है.,राष्ट्रपति आर्मरो गॉ ब्लॉज ने मुसीबत के बारे में चिंता करने की कोशिश की है ।,44.933930456647154,राष्ट्रपति आर्मांडो गुएबुजा ने अस्थिरता के बारे में चिंताओं को कम करने की कोशिश की है।,67.37976990310567,राष्ट्रपति अमान्दो गुबूजा ने अस्थिरता के बारे में चिंताओं को कम करने का प्रयास किया है।,59.62992365396921,राष्ट्रपति अरमांडो गुएबुज़ा ने अस्थिरता के बारे में चिंताओं को कम करने की कोशिश की है।,67.64983451332147,59.89836463176087,11,11-20
"The Municipal Corporation Mayor, Bhupinder Singh Sardar, and the former Chairman of the City Improvement Board, Mukesh Tuteja, also attended the event.",इस दौरान नगर निगम के मेयर सरदार भूपेंद्र सिंह व नगर सुधार मंडल के पूर्व चेयरमैन मुकेश टूटेजा उपस्थित रहे।,"म्यूल निगम, बिस्कुट सिंह एसर, और शहर के भूतपूर्व अध्यक्ष, मकेश टर्टा, उस घटना में भी हाज़िर हुए ।",18.30837101596223,नगर निगम के मेयर भूपिंदर सिंह सरदार और शहर सुधार बोर्ड के पूर्व अध्यक्ष मुकेश तुतिया भी इस कार्यक्रम में शामिल हुए।,41.213199010366644,"म्यूनिसिपल कॉर्पोरेशन मैयर, भुपिंडर सिंह सरदार और शहर सुधार बोर्ड के पूर्व अध्यक्ष मुकेश तुटिया भी इस समारोह में भाग ले गए।",26.678692820538732,कार्यक्रम में नगर निगम के मेयर भूपिंदर सिंह सरदार और नगर सुधार मंडल के पूर्व अध्यक्ष मुकेश टुटेजा भी शामिल हुए.,53.60883681015523,34.95227491425571,22,21-35
Chadvir Hooda said that because of the appeal of the Chief Minister activists are very excited about this rally and this rally will be the biggest amongst all the rallies so far and this will put Haryana politics on the map in the entire country.,चादवीर हुड्डा ने कहा कि मुख्यमंत्री के आह्वान पर पार्टी कार्यकर्ताओं में इस रैली को लेकर काफी उत्साह है और यह रैली अब तक की सभी रैलियों से सशक्त होगी और इससे हरियाणा की राजनीति का कद भी पूरे देश में ऊंचा होगा।,Carvivira ने कहा कि मुख्य मंत्री कार्यकर्ता की अपील के कारण इस दल के बारे में बहुत उत्साहित हैं और यह दल अब तक सभी सहवासों में सबसे बड़ा होगा और इस नक्शा पर नक्शा डाल दिया जाएगा।,36.663492529886994,Chadvir Hooda ने कहा कि मुख्यमंत्री की अपील के कारण कार्यकर्ता इस रैली के बारे में बहुत उत्साहित हैं और यह अब तक की सबसे बड़ी रैली होगी और इससे हरियाणा राजनीति को पूरे देश के नक्शे पर रखा जाएगा।,52.112418218548996,चडवीर हुदा ने कहा कि मुख्यमंत्री कार्यकर्ताओं की अपील के कारण इस जुलूस के बारे में बहुत उत्साहित हैं और यह जुलूस अब तक के सभी जुलूसों में सबसे बड़ा होगा और इससे हरियाणा की राजनीति पूरे देश में मानचित्र पर रखी जाएगी।,53.15085253941214,चादवीर हुडा ने कहा कि मुख्यमंत्री की अपील के कारण कार्यकर्ता इस रैली को लेकर काफी उत्साहित हैं और यह रैली अब तक की सभी रैलियों में सबसे बड़ी होगी और इससे हरियाणा की राजनीति पूरे देश में उभर कर सामने आएगी.,72.5438384809439,53.61765044219801,45,35+
After the worship and prayer at the Vishnupad temple he went back on a special plane.,विष्णुपद मंदिर में पूजा-अर्चना कर वापस विशेष विमान से रवाना हो गए।,मंदिर में उपासना और प्रार्थना करने के बाद वह एक खास विमान पर वापस गया ।,34.577019097183985,विष्णुपद मंदिर में पूजा और प्रार्थना के बाद वह एक विशेष विमान पर लौट गए।,56.25962975184681,विष्णुपाद मंदिर में उपासना और प्रार्थना के बाद वे एक विशेष विमान पर लौटे।,43.87676457669142,विष्णुपद मंदिर में पूजा-अर्चना के बाद वह विशेष विमान से वापस चले गये.,72.48770513273323,51.80027963961386,16,11-20
"Investigators also found entries on the private investigator's computer which had Ms Pawlby and her sister as ""Projects.""","जांचकर्ताओं ने निजी जांचकर्ता के कम्प्यूटर में ऐसी प्रविष्टियां भी पाई, जिस पर सुश्री पॉल्बी एवं उनकी बहन को ""प्रोजेक्ट"" का नाम दिया गया था।","इंस्टिस्टर ने भी निजी एजेंटों के कंप्यूटर पर प्रविष्टियों को प्राप्त किया है जो Mswwwwlitis और उसकी बहन को "" प्रोजेक्ट"" के रूप में था।",38.83957842505169,"अन्वेषकों ने निजी अन्वेषक के कंप्यूटर पर प्रविष्टियों को भी पाया जिसमें सुश्री पॉलबी और उनकी बहन को ""प्रोजेक्ट्स"" के रूप में रखा गया था।",52.06993327552092,"अन्वेषकों ने निजी अन्वेषक की कंप्यूटर पर भी प्रविष्टिएं देखीं जिनमें श्रीमती पाल्बी और उसकी बहन को ""परियोजना"" के रूप में रखा गया था.",39.05527851433674,"जांचकर्ताओं को निजी अन्वेषक के कंप्यूटर पर भी प्रविष्टियाँ मिलीं जिनमें सुश्री पावल्बी और उनकी बहन को ""प्रोजेक्ट्स"" के रूप में दर्शाया गया था।",57.65119480165998,46.903996254142335,18,11-20
The study is published in the journal Current Biology.,इस अध्ययन को जर्नल करन्ट बायलोजी में प्रकाशित किया गया है।,अध्ययन को पत्रिका मौजूदा जीव - विज्ञान में प्रकाशित किया गया है ।,54.31846889509547,यह अध्ययन वर्तमान जीवविज्ञान पत्रिका में प्रकाशित हुआ है।,37.67145025688406,यह अध्ययन वर्तमान जीव विज्ञान पत्रिका में प्रकाशित किया गया है।,51.86674896808651,यह अध्ययन करंट बायोलॉजी जर्नल में प्रकाशित हुआ है।,49.75828172587511,48.40373746148529,9,6-10
He said that the Chief Commissioner of income tax has come to pay a visit after an invitation from the Chamber.,उन्होंने कहा कि स्वयं मुख्य आयकर आयुक्त 'मैडम' गया में चैंबर के बुलावे पर आ चुकी हैं।,"उन्होंने कहा कि आमदनी का मुख्य अधिकारी, चेम्बर से निमंत्रण के बाद भेंट करने आया है ।",32.11479935478972,उन्होंने कहा कि आयकर के मुख्य आयुक्त चैंबर के निमंत्रण के बाद दौरा करने आए हैं।,49.06050524909978,उन्होंने कहा कि आयकर के मुख्य आयुक्त सदन की आमंत्रण के बाद एक यात्रा करने आए हैं।,44.27688255984783,उन्होंने कहा कि चैंबर के निमंत्रण के बाद मुख्य आयकर आयुक्त दौरा करने आये हैं.,50.95403280008923,44.10155499095664,21,21-35
